Indicator,2020,2021,2022
AfghanistanDeaths,53.222,125.628,11.351
AfghanistanCases,1272.396,2571.295,1096.294
AfghanistanGDP,1803.987,1803.987,1803.987
AlbaniaDeaths,411.629,718.42,134.051
AlbaniaCases,20107.016,53390.583,43649.938
AlbaniaGDP,11803.431,11803.431,11803.431
AlgeriaDeaths,60.949,78.331,13.964
AlgeriaCases,2207.076,2641.984,1192.888
AlgeriaGDP,13913.839,13913.839,13913.839
AndorraDeaths,1039.553,701.391,225.448
AndorraCases,97954.988,181744.17,303132.397
AndorraGDP,,,
AngolaDeaths,11.264,37.891,4.716
AngolaCases,1145.664,1534.272,881.701
AngolaGDP,5819.495,5819.495,5819.495
AnguillaDeaths,0,377.904,440.888
AnguillaCases,692.825,102979.154,139824.903
AnguillaGDP,,,
Antigua and BarbudaDeaths,53.32,1205.039,298.594
Antigua and BarbudaCases,1652.936,43328.48,52147.76
Antigua and BarbudaGDP,21490.943,21490.943,21490.943
ArgentinaDeaths,929.787,1640.625,285.645
ArgentinaCases,34362.867,84927.808,94233.323
ArgentinaGDP,18933.907,18933.907,18933.907
ArmeniaDeaths,961.631,1887.457,283.053
ArmeniaCases,55632,68116.126,36278.735
ArmeniaGDP,8787.58,8787.58,8787.58
ArubaDeaths,451.949,1249.297,1042.656
ArubaCases,48753.796,110314.756,255732.253
ArubaGDP,35973.781,35973.781,35973.781
AustraliaDeaths,35.628,47.363,497.865
AustraliaCases,1425.838,8653.044,386432.658
AustraliaGDP,44648.71,44648.71,44648.71
AustriaDeaths,711.178,1136.968,504.047
AustriaCases,38576.267,101823.948,463333.163
AustriaGDP,45436.686,45436.686,45436.686
AzerbaijanDeaths,214.806,586.904,170.703
AzerbaijanCases,27264.15,40292.708,20650.159
AzerbaijanGDP,15847.419,15847.419,15847.419
BahamasDeaths,401.547,1339.048,292.687
BahamasCases,18881.07,37330.27,35032.65
BahamasGDP,27717.847,27717.847,27717.847
BahrainDeaths,236.345,710.461,87.6
BahrainCases,60880.648,128211.698,276721.751
BahrainGDP,43290.705,43290.705,43290.705
BangladeshDeaths,45.496,122.355,7.973
BangladeshCases,6379.515,6353.732,2640.899
BangladeshGDP,3523.984,3523.984,3523.984
BarbadosDeaths,25.028,873.46,1090.05
BarbadosCases,1056.798,94167.862,269114.409
BarbadosGDP,16978.068,16978.068,16978.068
BelarusDeaths,131.515,421.866,193.186
BelarusCases,19499.329,54157.465,33488.776
BelarusGDP,17167.967,17167.967,17167.967
BelgiumDeaths,1527.902,841.809,449.724
BelgiumCases,51510.042,114051.454,226987.347
BelgiumGDP,42658.576,42658.576,42658.576
BelizeDeaths,464.909,1004.217,246.736
BelizeCases,24875.776,54845.358,93455.234
BelizeGDP,7824.362,7824.362,7824.362
BeninDeaths,5.767,8.764,0.15
BeninCases,365.503,1633.132,216.06
BeninGDP,2064.236,2064.236,2064.236
BermudaDeaths,140.174,1510.743,654.141
BermudaCases,5139.636,84570.23,194059.839
BermudaGDP,50669.315,50669.315,50669.315
BhutanDeaths,15.575,3.834,23.004
BhutanCases,3791.62,2823.136,75983.726
BhutanGDP,8708.597,8708.597,8708.597
BoliviaDeaths,735.834,838.664,244.604
BoliviaCases,12271.85,32649.075,46132.496
BoliviaGDP,6885.829,6885.829,6885.829
Bosnia and HerzegovinaDeaths,886.04,3044.355,1067.263
Bosnia and HerzegovinaCases,32430.664,57038.286,37596.061
Bosnia and HerzegovinaGDP,11713.895,11713.895,11713.895
BotswanaDeaths,24.986,906.74,140.663
BotswanaCases,4754.092,69866.933,49814.47
BotswanaGDP,15807.374,15807.374,15807.374
BrazilDeaths,811.44,2047.33,329.769
BrazilCases,30018.782,72253.027,58334.975
BrazilGDP,14103.452,14103.452,14103.452
BruneiDeaths,6.681,209.343,285.07
BruneiCases,334.07,33202.511,473752.894
BruneiGDP,71809.251,71809.251,71809.251
BulgariaDeaths,562.363,3614.148,1385
BulgariaCases,50604.106,81081.335,83618.216
BulgariaGDP,18563.307,18563.307,18563.307
Burkina FasoDeaths,29.535,9.385,4.674
Burkina FasoCases,3151.78,568.704,261.095
Burkina FasoGDP,1703.102,1703.102,1703.102
BurundiDeaths,0.078,2.872,0
BurundiCases,52.836,1528.749,2307.522
BurundiGDP,702.225,702.225,702.225
CambodiaDeaths,0,174.267,8.004
CambodiaCases,44.777,7140.508,1062.635
CambodiaGDP,3645.07,3645.07,3645.07
CameroonDeaths,15.655,48.504,5.16
CameroonCases,864.898,2969.025,532.268
CameroonGDP,3364.926,3364.926,3364.926
CanadaDeaths,305.292,464.853,416.339
CanadaCases,9104.425,37266.662,64994.392
CanadaGDP,44017.591,44017.591,44017.591
Cayman IslandsDeaths,29.102,29.103,407.435
Cayman IslandsCases,3861.97,84834.545,355839.47
Cayman IslandsGDP,49903.029,49903.029,49903.029
ChadDeaths,5.686,4.158,1.014
ChadCases,155.542,196.388,139.14
ChadGDP,1768.153,1768.153,1768.153
ChileDeaths,708.994,1190.393,582.705
ChileCases,27345.384,61308.364,145413.511
ChileGDP,22767.037,22767.037,22767.037
ChinaDeaths,39.413,0.004,0.416
ChinaCases,9113.684,12.553,611.171
ChinaGDP,15308.712,15308.712,15308.712
ColombiaDeaths,662.777,1803.033,266.683
ColombiaCases,23387.43,73782.907,24424.903
ColombiaGDP,13254.949,13254.949,13254.949
ComorosDeaths,10.12,169.691,16.73
ComorosCases,772.005,4566.274,4860.27
ComorosGDP,1413.89,1413.89,1413.89
CongoDeaths,20.592,38.005,11.218
CongoCases,1276.251,2156.463,1079.822
CongoGDP,4881.406,4881.406,4881.406
Costa RicaDeaths,296.649,1092.46,331.204
Costa RicaCases,23572.047,85321.364,104545.481
Costa RicaGDP,15524.995,15524.995,15524.995
Cote d'IvoireDeaths,21.902,20.395,4.35
Cote d'IvoireCases,6516.861,1443.083,903.932
Cote d'IvoireGDP,3601.006,3601.006,3601.006
CroatiaDeaths,221.723,2190.366,1757.897
CroatiaCases,18102.655,111403.669,173347.485
CroatiaGDP,22669.797,22669.797,22669.797
CubaDeaths,98.516,726.362,22.824
CubaCases,7296.914,84723.796,13695.974
CubaGDP,,,
CuracaoDeaths,10.462,904.953,585.866
CuracaoCases,5799.467,84007.684,147280.21
CuracaoGDP,,,
CyprusDeaths,61.518,613.8,664.04
CyprusCases,7446.872,134012.343,504552.98
CyprusGDP,32415.132,32415.132,32415.132
CzechiaDeaths,471.95,2511.628,941.115
CzechiaCases,62721.771,134195.96,213476.752
CzechiaGDP,32605.906,32605.906,32605.906
Democratic Republic of CongoDeaths,71.294,7.889,3.098
Democratic Republic of CongoCases,10684.737,465.476,354.565
Democratic Republic of CongoGDP,808.133,808.133,808.133
DenmarkDeaths,126.034,338.64,709.75
DenmarkCases,8801.909,59211.259,489508.369
DenmarkGDP,46682.515,46682.515,46682.515
DjiboutiDeaths,122.931,108.84,5.353
DjiboutiCases,14973.669,7056.239,1963.685
DjiboutiGDP,2705.406,2705.406,2705.406
DominicaDeaths,0,439.81,494.786
DominicaCases,687.207,65601.033,138307.81
DominicaGDP,9673.367,9673.367,9673.367
Dominican RepublicDeaths,282.834,168.109,21.894
Dominican RepublicCases,23842.539,22774.077,22725.714
Dominican RepublicGDP,14600.861,14600.861,14600.861
EcuadorDeaths,490.647,639.411,160.053
EcuadorCases,10808.712,19386.752,26634.961
EcuadorGDP,10581.936,10581.936,10581.936
EgyptDeaths,59.71,111.546,55.341
EgyptCases,1569.62,2013.359,1663.466
EgyptGDP,10550.206,10550.206,10550.206
Equatorial GuineaDeaths,49.554,49.551,10.149
Equatorial GuineaCases,3034.779,4908.302,2234.729
Equatorial GuineaGDP,22604.873,22604.873,22604.873
EritreaDeaths,0,12.206,15.728
EritreaCases,258.866,1722.285,908.77
EritreaGDP,1510.459,1510.459,1510.459
EstoniaDeaths,59.567,1063.285,880.041
EstoniaCases,3376.603,137297.3,309942.057
EstoniaGDP,29481.252,29481.252,29481.252
EswatiniDeaths,172.691,937.023,149.781
EswatiniCases,12825.085,33725.297,22441.915
EswatiniGDP,7738.975,7738.975,7738.975
EthiopiaDeaths,11.556,40.119,9.668
EthiopiaCases,922.974,2182.919,1057.386
EthiopiaGDP,1729.927,1729.927,1729.927
Faeroe IslandsDeaths,63.675,37.652,489.481
Faeroe IslandsCases,33314.998,18035.644,625223.566
Faeroe IslandsGDP,,,
Falkland IslandsDeaths,0,0,0
Falkland IslandsCases,3420.154,14996.057,476979.749
Falkland IslandsGDP,,,
FijiDeaths,2.152,713.094,228.024
FijiCases,12925.768,55795.588,17336.563
FijiGDP,8702.975,8702.975,8702.975
FinlandDeaths,64.931,153.709,737.975
FinlandCases,2782.908,25017.567,198155.307
FinlandGDP,40585.721,40585.721,40585.721
FranceDeaths,697.127,1237.741,534.146
FranceCases,31952.351,97227.936,402238.329
FranceGDP,38605.671,38605.671,38605.671
GabonDeaths,22.609,66.565,38.934
GabonCases,5389.073,10280.878,6341.571
GabonGDP,16562.413,16562.413,16562.413
GambiaDeaths,43.615,81.686,10.72
GambiaCases,1531.361,2328.91,847.007
GambiaGDP,1561.767,1561.767,1561.767
GeorgiaDeaths,30.584,2473.317,2004.865
GeorgiaCases,3737.388,169823.881,283448.955
GeorgiaGDP,9745.079,9745.079,9745.079
GermanyDeaths,121.805,1016.642,615.6
GermanyCases,22630.876,47988.633,326318.729
GermanyGDP,45229.245,45229.245,45229.245
GhanaDeaths,109.917,25.394,8.965
GhanaCases,51698.109,2429.745,1194.352
GhanaGDP,4227.63,4227.63,4227.63
GibraltarDeaths,0.06,2968.459,275.426
GibraltarCases,14943.272,158490.685,440432.111
GibraltarGDP,,,
GreeceDeaths,103.186,1415.409,1597.21
GreeceCases,4788.385,63045.043,375627.017
GreeceGDP,24574.382,24574.382,24574.382
GreenlandDeaths,195.283,0,389.422
GreenlandCases,59138.937,10762.208,200870.898
GreenlandGDP,,,
GrenadaDeaths,0,1355.025,510.131
GrenadaCases,191.298,44078.146,106074.492
GrenadaGDP,13593.877,13593.877,13593.877
GuamDeaths,23.912,0,0
GuamCases,5946.165,0,0
GuamGDP,,,
GuatemalaDeaths,186.892,592.346,292.96
GuatemalaCases,5363.39,26844.394,27066.98
GuatemalaGDP,7423.808,7423.808,7423.808
GuineaDeaths,4.896,22.703,4.468
GuineaCases,783.803,1413.41,501.897
GuineaGDP,1998.926,1998.926,1998.926
Guinea-BissauDeaths,19.793,45.125,18.525
Guinea-BissauCases,1178.812,1770.059,1105.636
Guinea-BissauGDP,1548.675,1548.675,1548.675
GuyanaDeaths,108.543,880.449,583.675
GuyanaCases,4036.866,36341.062,46492.828
GuyanaGDP,7435.047,7435.047,7435.047
HaitiDeaths,32.219,35.134,17.439
HaitiCases,2434.394,1173.073,877.777
HaitiGDP,1653.173,1653.173,1653.173
HondurasDeaths,323.161,716.388,113.015
HondurasCases,40382.002,27765.83,7193.043
HondurasGDP,4541.795,4541.795,4541.795
Hong KongDeaths,23.624,14.445,1241.33
Hong KongCases,2105.265,952.249,179740.783
Hong KongGDP,56054.92,56054.92,56054.92
HungaryDeaths,197.337,2952.452,1665.948
HungaryCases,78622.972,79911.783,114715.973
HungaryGDP,26777.561,26777.561,26777.561
IcelandDeaths,141.994,61.682,305.712
IcelandCases,24802.218,24397.775,511312.591
IcelandGDP,46482.958,46482.958,46482.958
IndiaDeaths,174.683,243.063,55.695
IndiaCases,16123.349,19491.533,7269.787
IndiaGDP,6426.674,6426.674,6426.674
IndonesiaDeaths,40.341,476.07,56.229
IndonesiaCases,1447.75,14289.125,7200.148
IndonesiaGDP,11188.744,11188.744,11188.744
IranDeaths,282.494,1059.028,259.354
IranCases,4927.346,57284.406,20779.974
IranGDP,19082.62,19082.62,19082.62
IraqDeaths,228.584,297.525,74.144
IraqCases,9834.045,37187.895,10010.633
IraqGDP,15663.986,15663.986,15663.986
IrelandDeaths,359.991,682.231,479.979
IrelandCases,7302.984,69444.65,251960.533
IrelandGDP,67335.293,67335.293,67335.293
IsraelDeaths,197.038,662.506,387.027
IsraelCases,25485.7,110791.196,350298.446
IsraelGDP,33132.32,33132.32,33132.32
ItalyDeaths,664.252,1602.691,681.212
ItalyCases,20072.476,73504.873,268155.754
ItalyGDP,35220.084,35220.084,35220.084
JamaicaDeaths,164.679,609.04,494.092
JamaicaCases,53510.398,26369.271,23297.173
JamaicaGDP,8193.571,8193.571,8193.571
JapanDeaths,63.629,125.982,117.313
JapanCases,3077.571,12870.521,71030.857
JapanGDP,39002.223,39002.223,39002.223
JerseyDeaths,0,122.941,0
JerseyCases,0,96675.241,0
JerseyGDP,,,
JordanDeaths,2.308,935.675,308.702
JordanCases,351.051,71559.454,79183.317
JordanGDP,8337.49,8337.49,8337.49
KazakhstanDeaths,107.668,686.308,205.652
KazakhstanCases,10752.165,43706.214,24866.581
KazakhstanGDP,24055.588,24055.588,24055.588
KenyaDeaths,13.235,79.702,13.735
KenyaCases,4720.552,3853.133,1708.583
KenyaGDP,2993.028,2993.028,2993.028
KiribatiDeaths,0,0.187,99.059
KiribatiCases,0,64.48,24672.922
KiribatiGDP,,1981.132,1981.132
KosovoDeaths,330.505,1237.851,196.949
KosovoCases,9651.676,79925.254,43015.749
KosovoGDP,9795.834,9795.834,9795.834
KuwaitDeaths,161.914,438.784,29.506
KuwaitCases,43503.731,74318.923,55630.902
KuwaitGDP,65530.537,65530.537,65530.537
KyrgyzstanDeaths,229.644,226.98,64.106
KyrgyzstanCases,9985.086,19952.73,3658.782
KyrgyzstanGDP,3393.474,3393.474,3393.474
LaosDeaths,0,2.128,98.553
LaosCases,788.521,2220.601,25716.927
LaosGDP,6397.36,6397.36,6397.36
LatviaDeaths,19.039,1383.278,1772.878
LatviaCases,1555.357,77794.122,375242.474
LatviaGDP,25063.846,25063.846,25063.846
LebanonDeaths,137.458,1444.329,426.969
LebanonCases,65118.425,107174.939,93240.233
LebanonGDP,13367.565,13367.565,13367.565
LesothoDeaths,56.416,161.331,128.376
LesothoCases,18304.892,5745.016,8475.483
LesothoGDP,2851.153,2851.153,2851.153
LiberiaDeaths,18.507,30.741,9.242
LiberiaCases,486.259,833.74,357.559
LiberiaGDP,752.788,752.788,752.788
LibyaDeaths,38.906,593.933,311.495
LibyaCases,2507.54,43605.989,27697.516
LibyaGDP,17881.509,17881.509,17881.509
LiechtensteinDeaths,26.439,1448.359,711.474
LiechtensteinCases,3559.6,84309.48,371134.544
LiechtensteinGDP,,,
LithuaniaDeaths,75.925,1641.074,1670.884
LithuaniaCases,67915.168,108410.436,313261.393
LithuaniaGDP,29524.265,29524.265,29524.265
LuxembourgDeaths,199.895,1090.156,407.637
LuxembourgCases,13335.289,106619.656,291690.405
LuxembourgGDP,94277.965,94277.965,94277.965
MacaoDeaths,80.291,0,0
MacaoCases,58202.373,24.449,289.129
MacaoGDP,104861.851,104861.851,104861.851
MadagascarDeaths,14.954,25.958,14.963
MadagascarCases,1260.358,951.17,760.477
MadagascarGDP,1416.44,1416.44,1416.44
MalawiDeaths,8.917,96.775,24.353
MalawiCases,315.531,2681.886,1285.283
MalawiGDP,1095.042,1095.042,1095.042
MalaysiaDeaths,5.53,444.495,605.295
MalaysiaCases,353.384,48074.185,85971.373
MalaysiaGDP,26808.164,26808.164,26808.164
MaldivesDeaths,75.488,376.087,143.176
MaldivesCases,23807.647,139903.168,191020.194
MaldivesGDP,15183.616,15183.616,15183.616
MaliDeaths,20.807,18.187,8.89
MaliCases,9627.341,534.233,724.777
MaliGDP,2014.306,2014.306,2014.306
MaltaDeaths,18.971,802.529,570.021
MaltaCases,3171.593,64165.471,120584.743
MaltaGDP,36513.323,36513.323,36513.323
Marshall IslandsDeaths,127.502,0,0
Marshall IslandsCases,28622.161,120.213,336.597
Marshall IslandsGDP,3819.202,3819.202,3819.202
MauritaniaDeaths,442.08,108.513,65.437
MauritaniaCases,371011.095,5227.25,5856.452
MauritaniaGDP,3597.633,3597.633,3597.633
MauritiusDeaths,10.861,9.238,753.387
MauritiusCases,1117.58,5174.404,169694.29
MauritiusGDP,20292.745,20292.745,20292.745
MexicoDeaths,482.512,1456.92,581.372
MexicoCases,33345.883,20692.209,21198.238
MexicoGDP,17336.469,17336.469,17336.469
MoldovaDeaths,759.134,1653.538,1420.412
MoldovaCases,208005.907,70947.903,78479.546
MoldovaGDP,5189.972,5189.972,5189.972
MonacoDeaths,213.801,876.928,657.696
MonacoCases,26721.473,80567.775,262886.731
MonacoGDP,,,
MongoliaDeaths,219.232,226.882,395.795
MongoliaCases,65364.048,53641.256,219763.683
MongoliaGDP,11840.846,11840.846,11840.846
MontenegroDeaths,120.829,2502.067,1723.851
MontenegroCases,23068.991,162371.113,211093.61
MontenegroGDP,16409.288,16409.288,16409.288
MontserratDeaths,330.265,0,1812.824
MontserratCases,74368.719,2039.427,224337.181
MontserratGDP,,,
MoroccoDeaths,14.842,271.098,143.39
MoroccoCases,89581.459,18537.842,11882.146
MoroccoGDP,7485.013,7485.013,7485.013
MozambiqueDeaths,5.819,50.7,16.705
MozambiqueCases,2466.391,4035.933,2758.161
MozambiqueGDP,1136.103,1136.103,1136.103
MyanmarDeaths,0.682,225.697,132.876
MyanmarCases,128.319,6223.797,5091.96
MyanmarGDP,5591.597,5591.597,5591.597
NamibiaDeaths,8.3,1237.632,329.981
NamibiaCases,1490.056,46066.567,18060.601
NamibiaGDP,9541.808,9541.808,9541.808
NauruDeaths,0,14.807,0
NauruCases,0,1411.359,236.388
NauruGDP,,12895.635,12895.635
NepalDeaths,81.092,326.308,62.65
NepalCases,363819.184,22604.93,8723.53
NepalGDP,2442.804,2442.804,2442.804
NetherlandsDeaths,354.74,667.449,257.41
NetherlandsCases,3984.612,104119.669,354093.763
NetherlandsGDP,48472.545,48472.545,48472.545
New ZealandDeaths,7.886,0.965,179.74
New ZealandCases,43115.941,253.428,230105.21
New ZealandGDP,36085.843,36085.843,36085.843
NicaraguaDeaths,240.983,11.375,6.48
NicaraguaCases,126903.341,649.362,999.656
NicaraguaGDP,5321.444,5321.444,5321.444
NigerDeaths,3.488,4.795,4.377
NigerCases,137.169,171.298,129.505
NigerGDP,926,926,926
NigeriaDeaths,4.197,5.813,4.56
NigeriaCases,214.365,598.401,374.428
NigeriaGDP,5338.454,5338.454,5338.454
NiueDeaths,0,0.074,0
NiueCases,0,45.873,0
NiueGDP,,,
North KoreaDeaths,131.234,0,0.23
North KoreaCases,26236.553,0,0.038
North KoreaGDP,,,
North MacedoniaDeaths,227.368,2395.402,1820.788
North MacedoniaCases,5016.705,69603.361,74333.958
North MacedoniaGDP,13111.214,13111.214,13111.214
Northern CyprusDeaths,0,125.145,0
Northern CyprusCases,0,15436.997,0
Northern CyprusGDP,,,
Northern IrelandDeaths,0,0,0
Northern IrelandCases,0,0,0
Northern IrelandGDP,,,
NorwayDeaths,46.92,100.28,368.03
NorwayCases,1683.725,23441.927,238547.975
NorwayGDP,64800.057,64800.057,64800.057
PakistanDeaths,24.686,73.041,31.073
PakistanCases,3190.762,3118.131,2212.234
PakistanGDP,5034.708,5034.708,5034.708
PalauDeaths,0,1.008,331.82
PalauCases,0,180.781,277599.361
PalauGDP,,13240.405,13240.405
PalestineDeaths,68.052,672.154,393.126
PalestineCases,29117.634,58327.531,65066.679
PalestineGDP,4449.898,4449.898,4449.898
PanamaDeaths,276.796,1258.896,340.003
PanamaCases,21340.658,84141.117,91910.739
PanamaGDP,22267.037,22267.037,22267.037
Papua New GuineaDeaths,63.507,18.938,45.263
Papua New GuineaCases,35925.327,1726.68,2649.218
Papua New GuineaGDP,3823.194,3823.194,3823.194
ParaguayDeaths,6.535,2117.923,662.301
ParaguayCases,663.551,65261.12,30087.55
ParaguayGDP,8827.01,8827.01,8827.01
PeruDeaths,1557.263,4302.345,525.705
PeruCases,20364.579,51127.05,43551.002
PeruGDP,12236.706,12236.706,12236.706
PhilippinesDeaths,131.045,215.824,292.004
PhilippinesCases,17706.528,12482.37,18875.071
PhilippinesGDP,7599.188,7599.188,7599.188
PolandDeaths,40.445,1846.611,1029.122
PolandCases,988.704,71303.357,78356.654
PolandGDP,27216.445,27216.445,27216.445
PortugalDeaths,211.171,1510.579,532.677
PortugalCases,13121.97,85288.102,330442.531
PortugalGDP,27936.896,27936.896,27936.896
Puerto RicoDeaths,249.545,0,0
Puerto RicoCases,117132.978,0,0
Puerto RicoGDP,35044.67,35044.67,35044.67
QatarDeaths,56.021,166.208,28.938
QatarCases,38952.838,44126.987,52847.895
QatarGDP,116935.6,116935.6,116935.6
RomaniaDeaths,100.823,1643.561,1595.689
RomaniaCases,40205.559,53299.029,92661.987
RomaniaGDP,23313.199,23313.199,23313.199
RussiaDeaths,159.603,903.028,1574.55
RussiaCases,24635.413,34756.059,84490.175
RussiaGDP,24765.954,24765.954,24765.954
RwandaDeaths,86.508,41.982,63.669
RwandaCases,21844.334,3460.848,5870.923
RwandaGDP,1854.211,1854.211,1854.211
Saint LuciaDeaths,62.919,478.136,1567.801
Saint LuciaCases,20088.335,29787.873,102395.05
Saint LuciaGDP,12951.839,12951.839,12951.839
Saint Pierre and MiquelonDeaths,216.827,0,169.924
Saint Pierre and MiquelonCases,32726.41,4587.941,458963.471
Saint Pierre and MiquelonGDP,,,
Saint Vincent and the GrenadinesDeaths,0,115.428,904.195
Saint Vincent and the GrenadinesCases,85920.414,21267.994,74481.288
Saint Vincent and the GrenadinesGDP,10727.146,10727.146,10727.146
SamoaDeaths,48.095,48.095,89.934
SamoaCases,5348.263,4476.785,45896.85
SamoaGDP,6021.557,6021.557,6021.557
San MarinoDeaths,1287.129,1424.745,742.053
San MarinoCases,46956.079,129979.22,342297.422
San MarinoGDP,56861.47,56861.47,56861.47
Sao Tome and PrincipeDeaths,175.9,123.142,158.322
Sao Tome and PrincipeCases,150980.274,7286.95,15792.042
Sao Tome and PrincipeGDP,3052.714,3052.714,3052.714
Saudi ArabiaDeaths,67.08,166.474,33.768
Saudi ArabiaCases,6888.333,7959.91,7219.458
Saudi ArabiaGDP,49045.411,49045.411,49045.411
SenegalDeaths,6.983,60.554,47.406
SenegalCases,407.354,2100.48,2458.899
SenegalGDP,2470.58,2470.58,2470.58
SerbiaDeaths,41.472,984.658,1303.212
SerbiaCases,2313.336,102132.314,187795.852
SerbiaGDP,14048.881,14048.881,14048.881
Sierra LeoneDeaths,53.636,4.412,3.132
Sierra LeoneCases,61147.629,470.02,254.009
Sierra LeoneGDP,1390.3,1390.3,1390.3
SingaporeDeaths,4.721,1.77,230.249
SingaporeCases,7718.046,3387.265,200584.113
SingaporeGDP,85535.383,85535.383,85535.383
SlovakiaDeaths,4.957,2210.88,1306.645
SlovakiaCases,293.613,137004.905,310831.227
SlovakiaGDP,30155.152,30155.152,30155.152
SloveniaDeaths,181.656,2033.168,1022.238
SloveniaCases,21836.574,120604.69,353949.332
SloveniaGDP,31400.84,31400.84,31400.84
Solomon IslandsDeaths,38.21,105.19,196.056
Solomon IslandsCases,24865.051,82097.37,20391.513
Solomon IslandsGDP,2205.923,2205.923,2205.923
SomaliaDeaths,21.684,38.99,33.297
SomaliaCases,9491.851,684.194,659.752
SomaliaGDP,,,
South KoreaDeaths,96.537,33.294,386.324
South KoreaCases,17947.037,2691.518,321881.846
South KoreaGDP,35938.374,35938.374,35938.374
South SudanDeaths,143.151,7.431,2.11
South SudanCases,171680.106,814.434,609.359
South SudanGDP,1569.888,1569.888,1569.888
SpainDeaths,610.912,1100.507,488.722
SpainCases,5464.722,75406.161,167783.078
SpainGDP,34272.36,34272.36,34272.36
Sri LankaDeaths,239.79,113.091,642.032
Sri LankaCases,37443.287,10693.679,19582.681
Sri LankaGDP,11669.077,11669.077,11669.077
SudanDeaths,23.405,48.003,46.762
SudanCases,539.789,610.289,548.761
SudanGDP,4466.507,4466.507,4466.507
SurinameDeaths,10.623,681.178,1452.964
SurinameCases,412.825,30534.916,97351.954
SurinameGDP,13767.119,13767.119,13767.119
SwedenDeaths,594.032,919.777,382.494
SwedenCases,8135.989,97837.783,133786.457
SwedenGDP,46949.283,46949.283,46949.283
SwitzerlandDeaths,400.864,1033.572,338.871
SwitzerlandCases,14516.61,76611.198,328115.152
SwitzerlandGDP,57410.166,57410.166,57410.166
SyriaDeaths,49.913,81.557,60.491
SyriaCases,78639.028,1113.852,1398.726
SyriaGDP,,,
TaiwanDeaths,0.97,16.909,18.545
TaiwanCases,90.96,515.059,705.083
TaiwanGDP,,,
TajikistanDeaths,510.195,4.301,3.408
TajikistanCases,324858.226,899.332,409.13
TajikistanGDP,2896.913,2896.913,2896.913
TanzaniaDeaths,0.321,0,11.895
TanzaniaCases,7.771,0,508.505
TanzaniaGDP,2683.304,2683.304,2683.304
ThailandDeaths,1.499,17.77,345.207
ThailandCases,138.737,2540.002,51581.735
ThailandGDP,16277.671,16277.671,16277.671
TimorDeaths,96.885,12.679,84.264
TimorCases,11431.272,5770.536,11245.086
TimorGDP,6570.102,6570.102,6570.102
TogoDeaths,7.437,12.656,16.611
TogoCases,399.65,1474.415,2645.908
TogoGDP,1429.813,1429.813,1429.813
TongaDeaths,0,0,84.217
TongaCases,0,0,71724.669
TongaGDP,,5425.621,5425.621
Trinidad and TobagoDeaths,33.296,363.131,2093.999
Trinidad and TobagoCases,79773.606,17030.87,73939.792
Trinidad and TobagoGDP,28763.071,28763.071,28763.071
TunisiaDeaths,320.735,1040.227,1256.313
TunisiaCases,29778.188,28424.467,55442.585
TunisiaGDP,10849.297,10849.297,10849.297
TurkeyDeaths,121.831,507.062,589.579
TurkeyCases,10837.011,50159.236,112924.05
TurkeyGDP,25129.341,25129.341,25129.341
TurkmenistanDeaths,0,35.225,0
TurkmenistanCases,0,23578.985,0
TurkmenistanGDP,,16389.023,16389.023
TuvaluDeaths,0,0,0
TuvaluCases,0,11350.216,0
TuvaluGDP,,3575.104,3575.104
UgandaDeaths,0,7.636,68.546
UgandaCases,2040.157,988.991,2471.393
UgandaGDP,1697.707,1697.707,1697.707
UkraineDeaths,18.248,1304.934,1571.9
UkraineCases,702.003,56333.529,74000.546
UkraineGDP,7894.393,7894.393,7894.393
United Arab EmiratesDeaths,102.443,149.719,66.667
United Arab EmiratesCases,13677.064,56570.832,34288.666
United Arab EmiratesGDP,67293.483,67293.483,67293.483
United KingdomDeaths,772.464,1516.244,556.152
United KingdomCases,19335.532,62694.753,231985.51
United KingdomGDP,39753.244,39753.244,39753.244
United StatesDeaths,559.877,1433.878,1157.304
United StatesCases,48233.616,93506.761,138333.369
United StatesGDP,54225.446,54225.446,54225.446
United States Virgin IslandsDeaths,270.297,0,0
United States Virgin IslandsCases,51667.946,0,0
United States Virgin IslandsGDP,,,
UruguayDeaths,44.695,1154.304,928.159
UruguayCases,7933.842,79196.074,178653.65
UruguayGDP,20551.409,20551.409,20551.409
UzbekistanDeaths,107.885,19.287,27.686
UzbekistanCases,31412.549,2757.705,4010.811
UzbekistanGDP,6253.104,6253.104,6253.104
VanuatuDeaths,0,3.06,0
VanuatuCases,36.849,181.068,5202.845
VanuatuGDP,2921.909,2921.909,2921.909
VaticanDeaths,39.783,0,0
VaticanCases,46343.994,18564.356,2475.248
VaticanGDP,,,
VenezuelaDeaths,0.565,87.375,112.648
VenezuelaCases,31.164,7779.038,10556.09
VenezuelaGDP,16745.022,16745.022,16745.022
VietnamDeaths,5.261,0.405,426.828
VietnamCases,926.524,45.673,82342.515
VietnamGDP,6171.884,6171.884,6171.884
WorldDeaths,43.46,400.117,319.044
WorldCases,255954.148,19971.214,38196.634
WorldGDP,15469.207,15469.207,15469.207
YemenDeaths,60.064,37.809,25.113
YemenCases,20175.096,191.148,155.172
YemenGDP,1479.147,1479.147,1479.147
ZambiaDeaths,0.887,62.612,135.005
ZambiaCases,38.288,4583.799,11149.502
ZambiaGDP,3689.251,3689.251,3689.251
ZimbabweDeaths,2.994,96.686,235.039
ZimbabweCases,905.192,2359.731,12566.738
ZimbabweGDP,1899.775,1899.775,1899.775
