Country Name,Country Code,1961,1962,1963,1964,1965,1966,1967,1968,1969,1970,1971,1972,1973,1974,1975,1976,1977,1978,1979,1980,1981,1982,1983,1984,1985,1986,1987,1988,1989,1990,1991,1992,1993,1994,1995,1996,1997,1998,1999,2000,2001,2002,2003,2004,2005,2006,2007,2008,2009,2010,2011,2012,2013,2014,2015,2016,2017,2018,2019,2020,2021
Argentina,ARG,5.427842876,-0.852021522,-5.308196825,10.13029766,10.56943334,-0.659726171,3.191996623,4.822500779,9.679526011,3.045643319,5.658131082,1.628416518,2.811754038,5.533804396,-0.028412104,-2.018251517,6.934147757,-4.506124802,10.22276346,1.51878395,-5.189789141,-0.735659159,4.349093279,1.570738702,-5.189024353,6.153377063,2.704868828,-1.089933341,-7.156949656,-2.467213778,9.133110567,7.937291556,8.206979072,5.836200704,-2.845209611,5.526689827,8.111046771,3.850178852,-3.385457041,-0.788998939,-4.408839683,-10.89448483,8.837040796,9.029573301,8.85165992,8.0471515,9.007650875,4.057233103,-5.918525076,10.12539816,6.003951693,-1.026420454,2.405323781,-2.512615321,2.731159828,-2.080327844,2.818502978,-2.617396463,-2.025934237,-9.895268964,10.26376093
Australia,AUS,2.483270502,1.294468244,6.214948975,6.978540372,5.980892513,2.38196612,6.303650146,5.095103197,7.043526256,7.175781587,3.99961512,3.909055505,2.619193059,4.105459418,1.335646309,2.591326668,3.592862376,0.894104096,4.050780581,3.035399277,3.338807333,3.322867861,-2.221969433,4.595924261,5.252115245,4.030968026,2.547932014,5.743677843,3.864440449,3.5735069,-0.395087177,0.413780384,4.033567141,3.980473667,3.833830589,3.854419963,3.908290893,4.614011576,4.936674928,3.912427733,2.038300732,4.014526654,3.110325109,4.205446887,3.160338325,2.726893446,3.768487516,3.577014878,1.86683207,2.172337091,2.469746294,3.917362463,2.600211881,2.562931521,2.172204753,2.741643069,2.295926947,2.87097248,2.113149425,-0.003836559,1.475162883
Austria,AUT,5.537979317,2.648675113,4.138267582,6.124353738,3.480174918,5.642861411,3.008047798,4.472312782,6.275867166,6.321142632,5.114968585,6.207861086,4.890435317,3.942138071,-0.363735434,4.578445433,5.079980594,-0.210653695,5.3566999,1.731485595,-0.144294691,2.011254708,2.97308803,0.051274763,2.498678497,2.301393212,1.357168064,3.295879898,3.887074818,4.345641399,3.441627777,2.093524617,0.526809204,2.402119074,2.667983531,2.349533852,2.09359939,3.581425815,3.556331247,3.375722147,1.267168189,1.651553922,0.941470921,2.735120222,2.244065325,3.454041836,3.727415301,1.460423676,-3.764578178,1.837093677,2.922797284,0.680445577,0.025504712,0.661272849,1.014501586,1.989437162,2.258572433,2.501595119,1.49121085,-6.734514076,4.483969206
Burundi,BDI,-13.74613505,9.063157934,4.135407422,6.273037901,3.967225609,4.612992896,13.8215186,-0.297883673,-1.459541142,21.32567073,2.746828712,-6.403964924,6.889050719,-0.726839563,0.697920236,7.942660976,11.46945304,-0.940575988,1.66495495,0.991055725,12.16327557,-1.05359982,3.715326991,0.155544005,11.78318018,3.25018046,5.50309612,5.031024367,1.349502237,3.499822136,4.996836448,1.009998371,-6.240000001,-3.829999996,-7.920000004,-7.999999998,-1.589999997,4.749999995,-1.009999996,-0.856864058,2.055807108,4.446519412,-1.22372796,4.833657768,0.900000001,5.413807145,3.45195249,4.861712995,3.812746937,5.124157796,4.032599988,4.446706331,4.924189898,4.240650214,-3.90000008,-0.600000909,0.500001262,1.609935421,1.812565324,0.327156893,1.795299998
Belgium,BEL,4.978423063,5.212003509,4.351584282,6.956684733,3.56065984,3.155894982,3.868146947,4.194129625,6.629799795,5.582858284,3.98582711,5.295604743,6.381701958,4.565257973,-1.965941566,5.652745933,0.626154854,2.841896491,2.341072956,4.444053876,-0.279283279,0.594986772,0.311842703,2.466382805,1.651792899,1.822761831,2.306659566,4.72320888,3.469166984,3.137402316,1.833074277,1.530654944,-0.96187331,3.226971525,2.38475728,1.32145093,3.79365763,1.961808272,3.542743464,3.716679384,1.099618888,1.706884585,1.037982549,3.571204343,2.321737054,2.552349944,3.676881136,0.446928735,-2.020743062,2.864292708,1.694513899,0.739217283,0.459242193,1.578533143,2.041459009,1.266686409,1.619580278,1.843899686,2.111531644,-5.680733655,6.244721946
Benin,BEN,3.141280456,-3.426409821,4.730027971,6.650759128,5.293862829,3.575862732,1.078398667,3.842335635,2.877497974,2.097757581,-1.496841826,6.426367545,3.706165319,3.339312157,-4.895345447,0.884356333,4.98366373,1.255078028,6.535747415,6.781763868,9.954231167,2.235066344,-4.347822735,7.929839566,7.530324838,2.171141598,-1.500002952,3.405245296,-2.854160496,8.97613436,4.225799421,2.957710827,5.836172085,2.020400448,6.04519865,4.324284031,5.734688375,3.961012138,5.341449372,5.857714205,5.333135706,4.643030871,3.443576776,4.429684554,1.713164564,3.943738828,5.986349322,4.896577084,2.319292139,2.114064726,2.963752919,4.811223316,7.191433721,6.357679098,1.77815106,3.339673426,5.671555469,6.697259461,6.865687336,3.8487924,6.600001011
Burkina Faso,BFA,4.043927978,6.12879878,-1.268016373,2.282819224,3.764545381,0.537613084,8.823314975,3.070773938,2.026081041,0.117019611,1.413339882,2.311498742,0.449327404,8.28642648,2.998382897,8.534894961,0.370353564,4.607825,3.664621512,0.796878879,4.255303395,9.562196622,0.34598474,-1.778696688,8.517364991,7.955362729,-0.236336789,5.795592965,2.150267272,-0.602928478,9.069984459,0.232710762,3.461384939,1.315007272,5.716373863,11.01474387,6.316834735,7.307719635,7.395237801,1.888473889,6.613405745,4.35296383,7.802493889,4.478452137,8.661873228,6.253164688,4.111379018,5.799991741,2.961950859,8.446281577,6.622562613,6.45267238,5.792584845,4.326845615,3.921228794,5.957976708,6.203489411,6.604569068,5.688115149,1.93032489,6.906341673
Bangladesh,BGD,6.058160825,5.45303097,-0.45589429,10.95278855,1.606258229,2.566812001,-1.87586392,9.489454015,1.220857909,5.619852293,-5.479483027,-13.9737287,3.325680199,9.5919563,-4.088214092,5.661361201,2.67305605,7.073837733,4.801634601,0.819141869,7.233943695,2.134327836,3.8810464,4.803310015,3.342014654,4.173382559,3.772401853,2.416256856,2.836582129,5.622258162,3.485227815,5.442685551,4.711561724,3.890126441,5.121277897,4.522919218,4.489896497,5.177026873,4.670156368,5.293294718,5.077287776,3.83312394,4.739567399,5.23953291,6.535944941,6.671904981,7.058599357,6.013789759,5.045124794,5.571788188,6.464379123,6.521458781,6.013605658,6.061059359,6.552639879,7.113478213,6.590249998,7.31941263,7.881915151,3.448021455,6.938675089
"Bahamas, The",BHS,10.66709743,10.45197189,10.5240552,10.5015672,10.42559649,9.07192871,9.598113866,8.421763566,8.981662577,-5.649649519,1.62650874,-3.497335933,7.567568823,-16.75422908,-14.80312631,5.185184971,9.154929221,14.17952014,26.13929577,6.495281921,-9.22640508,6.698897757,3.597051868,14.17114862,4.829180115,1.797000227,2.984519344,2.309707661,6.7273298,-1.596249087,-4.181784781,-3.82558197,0.307806291,3.14891562,4.37875209,4.223530425,6.87573942,-4.503596622,12.19751829,4.149234046,2.625159596,2.704670969,-1.264526295,0.882740185,3.395260082,2.516853933,1.446733889,-2.323507236,-4.175805556,1.538385972,0.613384158,3.086879177,-2.863293945,1.84730294,0.996800846,-0.857664319,3.050157348,1.831007794,1.896163703,-23.82260759,13.71973494
Belize,BLZ,4.892277219,4.89265218,4.956434195,4.99987991,4.930540961,4.770845113,4.913123162,7.367225457,5.106374791,4.807693364,3.959441082,10.21830384,5.351894111,13.55998517,3.592824442,-0.034020943,6.496594287,7.920807179,7.517021513,13.43668176,1.133770823,-0.107710429,-2.143179971,1.972065026,1.012513914,4.539456958,10.73530413,9.787711443,13.00922113,11.44338873,11.46403642,12.05832448,6.275780561,0.158421539,0.644486926,1.429112441,3.544653368,3.740514173,8.778854915,13.01957737,5.008884743,5.121602289,9.335873707,4.650236495,2.198011323,4.557515944,1.166518255,2.755039169,0.299811547,3.326500982,1.603504567,2.428309945,0.845842268,4.465445954,2.894945154,-0.179506906,2.128596594,2.044703177,1.964996302,-16.75012951,9.753163244
Bermuda,BMU,4.679999999,4.469999999,1.07,11.11,4.76,14.36363636,13.27503975,2.105263158,3.436426114,6.31229236,3.437500001,1.812688822,1.483679526,0.877192983,3.76811594,8.938547488,5.897435896,1.452784504,2.147971361,7.943925233,2.380952381,-5.285412261,2.008928572,0.481400436,-2.003484319,6.666666666,3.750000001,4.056224899,0.443844075,0.019212297,-3.5343821,-0.059738214,3.008567124,0.599613367,4.39914833,2.600475429,4.600000843,3.900000094,3.38264702,9.317156411,7.222435538,-1.477790598,3.410706677,2.321267223,1.674206114,5.54386638,3.345139709,-1.865955826,-5.626697711,-2.502878289,-3.742744317,-5.305299107,-0.279708545,-3.701067594,0.7755297,-0.657206304,3.611419837,-0.4328013,0.306266735,-6.853458192,1.852590029
Bolivia,BOL,2.089295936,5.578917859,6.797625777,3.956596532,4.913441956,7.170589663,6.317219517,8.529443084,4.474097331,5.231029301,5.063336439,7.96748521,5.739161526,2.939567808,7.311017731,4.614567486,4.971215657,2.052694566,0.133344048,-1.371772911,0.275616375,-3.938737928,-4.0421214,-0.200665698,-1.676389781,-2.5738842,2.463484616,2.909497961,3.790130964,4.635787428,5.266526668,1.646498183,4.269296117,4.667265103,4.678276597,4.361341952,4.954208743,5.029354755,0.426885423,2.507810809,1.683799127,2.485565738,2.711339837,4.173295589,4.421433127,4.797008824,4.564384269,6.148497875,3.356999574,4.126722591,5.204092443,5.122275581,6.796011428,5.460569506,4.85718718,4.263920864,4.195206334,4.223623653,2.21670564,-8.737884358,6.105804204
Brazil,BRA,8.6,6.6,0.6,3.4,2.4,6.7,4.2,9.8,9.5,10.4,11.34292199,11.94034812,13.96872178,8.153938685,5.166649084,10.25712953,4.93432807,4.969897689,6.759560122,9.2,-4.25,0.83,-2.93,5.4,7.85,7.49,3.53,-0.06,3.16,-4.35,1.032189585,-0.544072051,4.924690005,5.852870364,4.223793634,2.208864051,3.394845985,0.338097902,0.467937567,4.387949444,1.389896404,3.053461857,1.140828999,5.759964637,3.202132062,3.961988709,6.069870607,5.094195448,-0.125812003,7.528225818,3.974423079,1.921175985,3.00482267,0.50395574,-3.545763393,-3.275916906,1.322869054,1.783666761,1.220777823,-3.878676334,4.619421621
Botswana,BWA,6.34328372,6.666667813,5.921045097,6.832300931,5.81395506,6.344019096,5.924559941,10.5670565,15.12340471,17.12026767,25.82110722,26.36194095,21.30318409,8.797795216,8.446250381,10.64737671,12.01204009,14.33280159,12.14858892,11.98690139,9.064857465,12.16553186,13.14672905,8.545383639,7.125271268,8.172924332,11.88192814,19.44996951,13.05940589,6.772821949,7.458709171,2.917070304,1.916107019,3.627916077,7.030410309,5.829800007,8.3258909,0.443663522,9.667240795,1.987695751,0.250573957,6.06953088,4.625894727,2.705821729,4.556645673,8.363871096,8.276763793,6.2454373,-7.652310196,8.563630828,6.048361448,4.456144448,11.34339701,4.149262247,-5.717682557,7.036896951,4.00344974,3.98039539,3.348910139,-8.726410346,11.36413637
Chile,CHL,5.245271884,4.026685623,5.84014014,2.557220538,0.950272505,11.23624246,3.615999854,3.59201333,3.937983281,1.82896697,9.422686211,-1.019947794,-5.029248356,2.382149333,-12.91210105,3.832584005,10.44468638,7.701103603,8.418304687,7.986620757,6.525370366,-11.01430506,-5.017420525,4.103683239,4.009916203,5.377692323,6.460468528,7.345110454,9.923382897,3.333565474,7.804392186,11.16670773,6.588783827,5.030197977,8.933295869,6.802916596,7.391739268,4.180886627,-0.273631398,4.971621488,3.154034925,3.202799135,4.723245269,6.674254168,5.837045719,6.049990826,5.168230985,3.789392806,-1.118037236,5.851651022,6.223896785,6.155340019,3.308508247,1.792649471,2.1519425,1.753038749,1.357695373,3.990029478,0.770539584,-5.978224062,11.6682247
China,CHN,-27.27,-5.57999999,10.3,18.17999999,16.95,10.65,-5.770000004,-4.099999987,16.94,19.3,7.059999999,3.81,7.760000001,2.310000003,8.719999998,-1.570000002,7.570000001,11.32597799,7.59132468,7.834145016,5.112761091,9.017113914,10.77020251,15.19154002,13.43067752,8.949961764,11.65742779,11.22259498,4.206334355,3.920251368,9.262786084,14.22452959,13.8837293,13.03680663,10.95395434,9.922556752,9.236779892,7.845951788,7.661651501,8.490093406,8.335733478,9.13363079,10.03803048,10.11362138,11.39459181,12.72095567,14.23086093,9.65067892,9.398725632,10.63587106,9.550832179,7.863736449,7.766150098,7.425763656,7.041328879,6.848762205,6.947200793,6.749773832,5.950500754,2.239701857,8.109792581
Cote d'Ivoire,CIV,9.932555156,1.22699449,14.49035587,17.61308783,-3.109654273,11.57735969,4.598151785,12.54824864,9.539218771,10.37503184,9.456637662,4.236625012,5.939197536,4.327380858,8.252886367,12.91639744,7.314459154,10.90945365,2.394407462,-10.95769726,3.500498909,0.200822347,-3.900240441,-2.701261435,4.501223181,3.259348766,-0.348972914,1.136483966,2.948004943,-1.095908412,0.040925172,-0.244560611,-0.1924851,0.811206684,7.125744724,7.729327422,9.648840049,4.26390594,1.166859983,-0.265789464,-2.15401249,-2.730526474,-4.725866586,3.185038229,0.996065562,2.815578596,1.101429764,4.782665981,3.603321566,6.848049401,-5.370447241,7.620411763,10.76021313,9.371999942,7.194090645,7.179207824,7.359638088,6.89028432,6.231709513,1.958332479,7.021501836
Cameroon,CMR,1.183680811,3.041559051,3.742550321,3.547159695,2.026053715,4.614955619,-10.91206559,6.346323854,4.901479524,3.092068234,3.479707817,2.673843293,5.355680779,10.73426226,11.24505878,-5.495138397,13.73987152,22.00300492,6.035118773,-1.965291668,17.08268225,7.516202605,6.866830565,7.474572544,8.063161671,6.771663084,-2.146650215,-7.823631975,-1.819120512,-6.105697646,-3.808599373,-3.100003211,-7.932066574,1.876809226,2.894001377,4.21507215,4.527313766,4.725534848,4.511304221,3.832417795,4.324261192,4.477026829,5.453153691,7.048862823,2.228270206,3.809583273,4.327589013,2.847677889,2.579251775,2.899024724,3.379211288,4.625978719,4.995529159,5.719818144,5.666952991,4.535794236,3.541176549,3.95551424,3.475059979,0.491914742,3.486599241
"Congo, Dem. Rep.",COD,-10.85137608,21.20069751,5.213990134,-2.440223564,0.997348794,6.775485302,-0.985738661,4.332698464,9.328837439,-0.245056575,6.005018067,0.151135514,8.137275887,3.130585879,-4.981631005,-5.309002081,0.760793602,-5.345291528,0.430088262,2.194912924,2.350524075,-0.457677609,1.411703688,5.541074022,0.467850951,4.717209653,2.675642451,0.470381337,-1.266050636,-6.568310695,-8.421051499,-10.50000856,-13.46905054,-3.899996803,0.69999883,-1.023172642,-5.617046599,-1.624154045,-4.270140831,-6.910927317,-2.100173025,2.947765184,5.577822311,6.738373933,6.135151155,5.320979565,6.259477764,6.225894269,2.85506401,7.107976576,6.87467089,7.086898947,8.481956636,9.470288097,6.91616712,2.399398914,3.726947653,5.8211211,4.384528881,1.735422764,5.712203681
Colombia,COL,5.089216984,5.411889613,3.286707554,6.166941324,3.60001139,5.236735862,4.134864166,5.933117999,6.102517309,6.207796961,5.960727946,7.669147544,6.722954969,5.745757189,2.323255281,4.728368735,4.158505453,8.469900838,5.379118988,4.087353676,2.276872745,0.948420787,1.573956038,3.350683739,3.107106196,5.824076137,5.368932148,4.064173245,3.41409611,4.281998331,2.001607597,4.044929438,5.385409939,5.814661908,5.202437593,2.055854712,3.430293678,0.56978409,-4.204015244,2.924861483,1.677898308,2.503980466,3.918271904,5.333022067,4.828761108,6.716868698,6.738194691,3.283446186,1.139648645,4.494658971,6.947891982,3.912635767,5.13399352,4.499030001,2.955901375,2.087382502,1.359360868,2.564324283,3.186855392,-7.048151208,10.5632927
Costa Rica,CRI,1.879276556,5.442391375,6.898923442,3.659048314,8.190527594,6.969319031,5.65012592,8.473304347,5.491799943,7.503134343,6.778505426,8.178045134,7.708915812,5.544899991,2.100071049,5.517564403,8.904474432,6.267686824,4.939123955,0.751895403,-2.261655507,-7.285568847,2.862992702,8.024107907,0.721601729,5.536250843,4.76453328,3.43214738,5.665975549,3.553063366,2.265654989,9.201103732,7.09719124,4.519028377,4.153953043,1.350459539,5.476165774,7.155308577,4.21481117,3.868718088,3.491169873,3.41687639,4.317179866,4.424599597,3.976666368,7.326695432,8.215131984,4.738174878,-0.873455943,5.36034348,4.40315924,4.88259241,2.494766112,3.542109878,3.652080968,4.204323252,4.157698963,2.615904404,2.417511818,-4.050908171,7.579565299
Denmark,DNK,6.378832476,5.666822173,0.637021234,9.269938215,4.555254814,2.740910109,5.530370008,5.553076576,6.509248385,1.596841805,3.004995574,3.929385341,4.092946092,-1.12239425,-1.456644936,5.924606187,1.87029103,2.22630854,3.869111483,-0.482986337,-0.666124156,3.684572968,2.596071919,4.166137923,4.003751815,4.904178355,0.254266315,-0.013601205,0.645187432,1.475244277,1.393633997,1.957006712,0.010687631,5.332462712,3.027587267,2.900099769,3.260890158,2.218158742,2.948022161,3.746862595,0.823152998,0.466345571,0.390058556,2.668219267,2.336641308,3.913007978,0.909238928,-0.512016745,-4.90654773,1.870991147,1.336777767,0.226499792,0.933340972,1.619393811,2.342591108,3.245956985,2.821736341,1.989537315,2.114664208,-2.062124959,4.693433017
Dominican Republic,DOM,-2.31324875,17.04724093,6.502902634,6.764865116,-12.48183392,13.46334483,3.327542287,0.238860485,10.89144583,18.22668288,10.87146607,10.39416408,12.89576373,6.001902903,5.193253357,6.728122642,4.981783951,2.140684677,4.531399217,7.968738507,4.27986748,1.698708631,4.627946348,1.252895975,-2.122534976,3.521993199,10.11736736,2.155963331,4.400538815,-5.454312395,0.944138889,11.22093274,7.364513042,2.600354268,5.685430737,5.977825114,8.885269066,6.714477712,5.940049136,4.66176228,2.459516368,4.495103403,-1.345706185,2.570134279,9.428236947,9.174355406,7.415951715,3.209504262,0.946155168,8.33965106,3.133423003,2.717367897,4.875205093,7.05046369,6.927018772,6.659200263,4.666704677,6.982527585,5.05216802,-6.720239373,12.27199023
Algeria,DZA,-13.60544132,-19.68504183,34.31372878,5.839413008,6.206898211,-4.804970943,9.452962563,10.79623857,8.433280282,8.86265711,-11.33171917,27.42396948,3.813176296,7.494917705,5.045341613,8.386756484,5.258585986,9.214835701,7.477826551,0.790606972,2.999996088,6.400004115,5.400003025,5.599996529,3.699997255,0.400001003,-0.699997526,-1.000005491,4.400002161,0.80000058,-1.200000586,1.800002303,-2.100000758,-0.899996552,3.79999479,4.09999847,1.099999939,5.100003609,3.200001552,3.8,3,5.6,7.2,4.3,5.9,1.7,3.4,2.4,1.6,3.6,2.899999999,3.4,2.8,3.8,3.7,3.2,1.3,1.1,1,-5.1,3.84779349
Ecuador,ECU,5.124414879,4.919146942,2.106368247,7.407245362,3.275082488,-0.339525639,4.621073941,1.909438399,4.66923798,6.87192933,6.292606196,5.017640704,13.95068213,11.20850963,10.972154,7.397187619,1.604842112,5.706824945,3.734048401,3.708682969,5.61286412,0.614845354,-0.336868771,2.625273268,3.935001412,3.464782516,-0.259098708,5.89046729,1.005777946,3.679914053,4.291342398,2.114310675,1.973218079,4.258250468,2.252548774,1.731747514,4.327864764,3.266529404,-4.739385791,1.091801564,4.0156299,4.096776659,2.722877337,8.211020917,5.291308267,4.403526434,2.190063972,6.3571306,0.566491592,3.525298669,7.868140919,5.641962067,4.946511267,3.788868549,0.098872608,-1.226383985,2.368386526,1.289291933,0.012105103,-7.787607091,4.235251242
"Egypt, Arab Rep.",EGY,5.161114143,3.875616724,10.51809262,11.50757747,4.914042292,5.046403713,0.805264127,-1.60679235,5.279517514,5.598515038,4.057346327,3.055680625,3.506830162,1.558938572,8.939147159,13.27968944,9.003044267,8.628767645,4.547689628,10.01132904,7.348553896,9.907171134,5.09440684,9.745762712,5.791505791,4.744525547,3.832752613,5.461320496,4.920868604,5.667029157,1.125404593,4.472859189,2.900790794,3.973172185,4.64245877,4.98873057,5.49235474,5.575497461,6.053438783,6.370003834,3.535251969,2.390204028,3.193454739,4.092071612,4.471744469,6.843838197,7.087827427,7.156283564,4.6735998,5.147234859,1.764571949,2.226199797,2.185466054,2.91591188,4.372019078,4.346643456,4.181221,5.314121037,5.557683888,3.569669475,3.326742091
Spain,ESP,11.83867419,9.953438103,9.596498874,5.308510246,6.253134899,7.24606031,4.340338417,6.597020138,8.907015555,4.290639268,4.649473604,8.149745791,7.788465361,5.618785814,0.542203214,3.303791505,2.83857436,1.463003446,0.041546345,2.208728277,-0.132468611,1.246461705,1.770115663,1.78468758,2.321435758,3.253321842,5.547122515,5.094324298,4.827030312,3.781393378,2.546000548,0.929215549,-1.031491863,2.383195397,2.757493994,2.660524453,3.702580285,4.393037351,4.490491316,5.24599468,3.932948843,2.731022232,2.981894836,3.122795242,3.652032674,4.102727115,3.604687971,0.887145182,-3.763231927,0.163010231,-0.814373455,-2.959441302,-1.435394259,1.383907943,3.83517266,3.03130133,2.973641191,2.288785676,2.085191421,-10.82288649,5.129455127
Finland,FIN,7.604670479,2.981945536,3.285099636,5.238686598,5.302857802,2.372823015,2.168828883,2.303289984,9.593287785,4.813736796,2.356921358,7.735485502,6.983827845,3.23653304,1.804898277,0.344382485,0.239510829,2.919707412,7.121926371,5.38904788,1.315878854,3.108088693,3.116581514,3.237691996,3.548896587,2.755633459,3.574826138,5.217150323,5.087143674,0.670275844,-5.886328069,-3.294660066,-0.66199803,3.963052424,4.21686747,3.66717983,6.333795654,5.457180501,4.379575723,5.773362458,2.610019124,1.707148962,2.003784203,3.99209129,2.779850556,4.027409658,5.299336507,0.783995061,-8.074447432,3.185958654,2.547664838,-1.397545728,-0.901696316,-0.364908157,0.543659212,2.811457767,3.19240963,1.141947509,1.220754143,-2.299256085,3.474547181
Fiji,FJI,3.517582003,3.606102146,6.358771968,4.877280733,-2.700266959,0,13.35182832,7.916221559,2.596410513,12.70271113,6.888986665,7.485276673,11.61286851,2.60114991,0.530211189,2.736163247,5.904011842,1.863401451,12.22481977,-1.603456935,6.329990549,-5.9784862,-3.96012301,8.393024472,-4.613474868,7.749907967,-6.615019995,0.955754873,7.438632435,5.80000272,-2.700003729,6.10000191,2.130032421,5.099999609,2.499998538,4.80000043,-2.199999369,1.300000452,8.799998719,-1.699998416,2.000000147,3.199999114,0.999999345,5.299999705,0.700000402,1.852483872,-0.85065431,1.03279422,-1.386037708,2.954672422,2.705143029,1.411314382,4.73421949,5.603514406,4.50120041,2.445651797,5.35336456,3.812351222,-0.445563314,-15.15081665,-4.081424941
France,FRA,4.980111849,6.843469985,6.233679952,6.652099508,4.861507696,5.251837046,4.921148915,4.491308886,7.109475345,6.108679813,5.316715897,4.511374019,6.344580675,4.300919143,-0.959884746,4.356758903,3.464312004,3.978543722,3.549989157,1.57874526,1.069019839,2.505396616,1.240864862,1.513721603,1.622781367,2.33727635,2.561900335,4.743142194,4.343861063,2.923935081,1.048175847,1.599342677,-0.628666352,2.358342181,2.106695253,1.412993673,2.336296529,3.588659425,3.421373799,3.923669227,1.983721419,1.135531482,0.823160757,2.829752929,1.66321998,2.449323601,2.424736243,0.25494596,-2.873313828,1.949437623,2.192700633,0.313134751,0.576326675,0.956183052,1.112912341,1.095464404,2.291419994,1.865066071,1.842971814,-7.855256037,6.963570788
Gabon,GAB,14.76684319,7.449211597,6.092435284,4.554453634,8.33333566,4.508004567,4.115152854,2.508800881,8.082910434,8.679342176,10.25873091,11.33697068,10.18243362,39.48709518,19.19011491,35.62533797,-12.58209117,-24.04920607,0.47440528,2.552937158,5.095329279,-3.097520398,5.608240679,7.508902308,-2.332949333,-0.803597734,-17.14604221,12.84535325,8.54530999,5.192237277,6.112503483,-3.090145652,3.946555008,3.712754841,4.973847763,3.62504902,5.738367395,3.477833587,-8.932622802,-1.882966398,2.135233422,-0.249033169,2.247330012,0.689543058,2.676203333,-2.806578356,6.008108025,-3.308430649,0.13033112,7.089887315,7.091753343,5.251076918,5.638699003,4.314964441,3.878899395,2.091442208,0.472642031,0.837916581,3.920808795,-1.83776093,1.505359401
United Kingdom,GBR,2.677118943,1.102909649,4.874383998,5.533659386,2.142176544,1.573100414,2.786474642,5.441083438,1.924096835,6.317906666,3.504717351,4.321667667,6.523848445,-2.484404003,-1.47364947,2.910266178,2.45775046,4.204260549,3.74901651,-2.031367788,-0.787743816,1.994891312,4.221856277,2.269105178,4.147414998,3.150340543,5.392738307,5.732413722,2.577602692,0.73375552,-1.103121662,0.401082076,2.489830985,3.846009168,2.531670005,2.428542895,4.90902574,3.153973375,2.990111445,3.672369105,2.072656279,2.123222773,3.029889927,2.355629762,2.59328001,2.584104677,2.269486875,-0.239638085,-4.247356266,2.131438198,1.457563391,1.469887521,1.890018342,2.991164814,2.622596679,2.263463538,2.134453093,1.650925496,1.671944197,-9.270410835,7.441273093
Ghana,GHA,3.429674015,4.109158606,4.405974199,2.209327502,1.36899887,-4.25829037,3.07536405,0.368860329,6.006174966,9.723472587,5.216124557,-2.487655402,2.884584195,6.852516832,-12.43162902,-3.530182806,2.274107242,8.475935602,-2.51494142,0.471695943,-3.503066947,-6.923650411,-4.563737505,8.647569457,5.091617272,5.19916068,4.794898879,5.628168764,5.0858727,3.328817883,5.281826398,3.87941908,4.850000554,3.299999739,4.112418972,4.602461156,4.19635744,4.700390784,4.399996825,3.700000082,4.000000128,4.499999559,5.200000133,5.599999991,5.900003819,6.399912606,4.346819104,9.149798938,4.844487052,7.899711941,14.04712358,9.292789406,7.312525017,2.856240163,2.120759338,3.37346575,8.128894881,6.200077681,6.507774794,0.513941648,5.356477897
Greece,GRC,13.20384119,0.364810538,11.84486767,9.409676638,10.76801051,6.494502347,5.669485467,7.2037189,11.56366729,8.565718768,7.841177281,10.1601512,8.092378538,-6.43824128,6.366809483,6.851897447,2.941001946,7.246863042,3.282080685,0.677130902,-1.553720971,-1.13264787,-1.078622621,2.010580877,2.509556145,0.517660338,-2.258863258,4.287861305,3.800000063,0,3.100000001,0.699999893,-1.6,1.999999822,2.099720059,2.862128912,4.484198791,3.894905312,3.072596347,3.919770905,4.131611969,3.922872114,5.794530776,5.060992902,0.59914188,5.652433708,3.273746933,-0.335172558,-4.300733458,-5.478627432,-10.14931483,-7.086696786,-2.515997222,0.475695947,-0.19608763,-0.487173294,1.09214912,1.668428636,1.803595256,-9.019129085,8.33610201
Guatemala,GTM,4.298518349,3.536501263,9.541043931,4.632992432,4.361769315,5.51210399,4.112175617,8.766035054,4.736909016,5.707883598,5.583754547,7.333051621,6.782834337,6.375029903,1.949990822,7.387265625,7.809220684,4.99668982,4.713456092,3.75997816,0.64685861,-3.53008901,-2.572091444,0.496697753,-0.609338956,0.143049596,3.543983307,3.892387064,3.94258952,3.102563176,3.65824875,4.838338847,3.927131945,4.033741496,4.948547502,2.957779887,4.364089947,4.993527803,3.847062189,3.608868717,2.332574866,3.839287086,2.560377668,3.137916836,3.276026926,5.351397787,6.33771869,3.293524,0.476898107,2.884175428,4.163906883,2.974708568,3.694819199,4.443977583,4.092170816,2.677802555,3.079851491,3.322097997,3.866856575,-1.519330035,7.527628776
Guyana,GUY,4.689524312,1.10492581,-12.27865726,11.36028238,10.54101876,5.233273894,4.313621829,1.024827553,6.994386658,4.255456893,3.112850844,-3.317670935,1.244719352,7.702839949,8.483021514,1.536913279,-2.638679661,-1.806188772,-1.835696261,1.733889727,1.49616592,-13.19013449,-6.792386689,-5.028737864,2.399667458,-0.900602237,0.899396594,-3.693533101,-4.916666665,-3.067484664,6.057866185,7.757885776,8.175105493,8.532423167,5.031446558,7.955517541,6.18066561,-1.679104492,2.960151803,-1.363803903,2.279521659,1.132626962,-0.632225388,1.56335211,-1.950957595,5.129609348,7.191236241,1.606001675,3.876525381,3.778200183,5.339378131,5.383623469,3.653504768,1.686027732,0.68752121,3.807918837,3.734374061,4.441013589,5.352627426,43.47955594,19.92722887
Honduras,HND,1.855659321,5.764846041,3.580436708,5.416645571,9.037156489,5.373842271,5.977542858,6.598183245,0.655438847,3.62672094,3.995003607,5.762304882,7.869852503,-1.227641731,2.130681763,10.50069306,10.38388909,5.966211807,5.609926692,0.599354053,-1.222035024,-2.074660895,0.905693884,6.327295761,5.626234849,5.330774418,6.63835598,1.746033807,2.727848929,2.79174895,-3.319308423,6.073687877,6.495718208,0.211903499,6.189304558,1.870776294,4.598083062,3.590233034,-0.735651085,7.291288159,2.723193273,3.754337861,4.547038052,6.232302961,6.050599222,6.567243552,6.188327167,4.23160011,-2.43162788,3.731140344,3.835690662,4.128687749,2.791559757,3.058080562,3.840079971,3.892972197,4.842913911,3.84499477,2.653066255,-8.964760184,12.53409602
Haiti,HTI,-2.931980291,7.887575894,-1.892792551,-1.647357369,2.161797861,-0.575786801,-2.117686201,3.181617321,3.811943285,0.651153708,6.480380501,0.977107759,4.755322092,5.779889152,1.122754491,8.43883543,3.708146437,6.208863536,7.560421402,7.374687919,-2.852709711,-3.563745224,0.908181461,0.300917036,0.603631294,-0.497504788,-0.7936487,0.200426837,-2.913424398,1.038122802,1.880544724,-5.309932923,-5.426295992,-11.95062929,9.897707488,4.140773329,2.704713931,2.18184033,2.71024801,0.870059259,-0.342747883,1.051820135,3.480779732,-1.31785676,3.072173377,1.768750603,4.70652994,2.658032308,5.890378948,-5.651511534,5.098213544,0.502424404,4.324784115,1.722565602,2.562508835,1.812468078,2.510271345,1.667810955,-1.684595081,-3.343372612,-1.798239889
Indonesia,IDN,5.740645823,1.841977702,-2.237029984,3.529698148,1.081589467,2.791346825,1.380402805,10.91517857,6.822298249,7.554634515,7.023997197,7.037643208,8.103975535,7.234243817,5.607476636,7.079646018,8.26446281,6.870229008,7.142857143,10,7.878787879,2.247191011,4.395604396,6.842105263,2.463054187,5.769230769,5,5.627705628,7.786885246,7.224334601,6.775817441,6.497506517,6.49640812,7.539971096,8.220007399,7.818187077,4.699878854,-13.12672549,0.791126082,4.920067747,3.643466447,4.499475391,4.780369122,5.030873945,5.692571304,5.500951785,6.345022227,6.0137036,4.628871183,6.223854181,6.169784208,6.030050653,5.557263689,5.006668426,4.8763223,5.033069183,5.069785901,5.17429154,5.01928768,-2.065004941,3.691240112
India,IND,3.722742533,2.931127735,5.994353262,7.452950123,-2.63577011,-0.05532877,7.825963031,3.387929176,6.539700299,5.157229737,1.642930375,-0.553301305,3.295521135,1.185336255,9.149912016,1.663103638,7.254764588,5.712532089,-5.238182704,6.735821529,6.006203626,3.47573324,7.288892903,3.820737856,5.254299223,4.776564168,3.965355635,9.627782916,5.947343332,5.533454561,1.056831433,5.482396022,4.75077622,6.658924067,7.57449184,7.549522249,4.049820849,6.184415821,8.845755561,3.840991157,4.823966264,3.803975321,7.860381476,7.922936613,7.923430621,8.060732573,7.660815065,3.08669806,7.861888833,8.497584702,5.241315001,5.456388753,6.386106401,7.410227605,7.996253786,8.256305502,6.795383419,6.453851345,3.73791852,-6.596080522,8.947962669
Italy,ITA,8.207245914,6.203650458,5.609727978,2.797702279,3.26802372,5.984794225,7.178612466,6.544554655,6.098059996,5.268692979,1.818107934,3.690485825,7.125862304,5.500141101,-2.090162915,7.125385137,2.560500845,3.240139752,5.959159426,3.430016414,0.844227607,0.413585695,1.169203495,3.225852315,2.798085767,2.859971864,3.191960628,4.194377308,3.388383454,1.985774943,1.538447558,0.834275454,-0.852805764,2.151023638,2.886836759,1.266784802,1.830212234,1.810615162,1.625727599,3.786955143,1.951371556,0.253942999,0.138626891,1.423594158,0.817848974,1.790639681,1.48707298,-0.962012841,-5.280937208,1.713295839,0.707333347,-2.980905768,-1.841065451,-0.004547542,0.778304351,1.293462732,1.667859041,0.925810941,0.500233913,-9.025668928,6.64379019
Japan,JPN,12.04353641,8.908972996,8.473642383,11.6767082,5.819707873,10.63856156,11.08214232,12.88246814,12.47789451,2.454958384,4.698992042,8.413547255,8.032599975,-1.225239828,3.091575916,3.974984091,4.39033795,5.271941503,5.484041832,2.817591208,4.260624493,3.279742743,3.630198572,4.410880154,5.159807905,3.294047613,4.648861398,6.661636522,4.925785413,4.840929057,3.523357235,0.900586066,-0.459219716,1.083383174,2.630999616,3.133870993,0.981228732,-1.270330495,-0.333929958,2.764647551,0.386103426,0.041962499,1.535125499,2.186115694,1.803900872,1.372350128,1.483969412,-1.224289001,-5.693236359,4.097917919,0.023809524,1.374750999,2.005100177,0.296205514,1.560626697,0.753826746,1.675331752,0.584068067,-0.240350841,-4.506904542,1.620795525
Kenya,KEN,-7.774634904,9.457358741,8.778340216,4.964467288,2.009094171,14.7285664,3.361232033,7.982689969,7.959224459,-4.655446916,22.17389193,17.08242935,5.89658021,4.065617349,0.882203175,2.153964503,9.453797844,6.912493546,7.615226046,5.591976206,3.773544194,1.506478258,1.309050241,1.755216977,4.300561819,7.177555391,5.937107444,6.203183823,4.690348768,4.192050972,1.438346792,-0.799493959,0.353197256,2.632784518,4.406216525,4.146839269,0.474901921,3.290213722,2.305388595,0.599695391,3.779906498,0.54685953,2.932475546,5.104299776,5.90666608,6.4724943,6.85072977,0.232282745,3.306939816,8.058473603,5.12110612,4.568679614,3.797848393,5.020111002,4.967721128,4.213517068,3.837958174,5.647946407,5.114158858,-0.250155705,7.517355387
"Korea, Rep.",KOR,6.935992652,3.895272531,9.020568283,9.473824718,7.31843358,11.99395661,9.079606554,13.16576829,14.5613667,10.05273481,10.54551355,7.214360722,14.89832266,9.511835434,7.839933338,13.2214478,12.3359822,10.9529857,8.671226707,-1.64568764,7.246176285,8.338078087,13.37617449,10.55164035,7.838864022,11.3272612,12.72369212,11.98771556,7.072893605,9.877552502,10.77805613,6.198642798,6.877474129,9.268666338,9.614565393,7.890703326,6.170552427,-5.129448165,11.46694243,9.060833325,4.852399572,7.725142675,3.147291194,5.197391363,4.308542714,5.264326595,5.799548415,3.012984873,0.79269899,6.804824918,3.685667782,2.402530992,3.164708636,3.202453795,2.809103268,2.946881715,3.15963574,2.907403774,2.24397786,-0.852031429,4.021158473
Lesotho,LSO,1.864795166,15.33181433,10.61506999,8.251118124,2.154105568,-0.405521388,10.91206152,-0.367120039,1.547536691,2.177071169,5.113717713,-0.202708347,26.40488106,10.98008895,-13.51349756,11.04912916,21.80903497,18.31687489,2.893918778,-2.74477924,0.694638144,4.45720389,1.986165353,5.534897826,2.61024933,4.684856037,0.72972822,8.601919079,5.795244408,6.045473329,6.966607114,6.956364957,3.509766478,5.979873128,3.290938546,5.597035759,3.703603596,1.53765564,0.476025102,3.875546814,3.561582191,0.723835961,4.559776811,1.692374206,3.466122481,4.230094854,4.187914418,5.522028201,-1.255514626,5.266280653,4.614252238,6.334821701,1.792531445,1.710544004,3.127557724,3.588364597,-3.141949946,-1.223137311,2.401781154,-7.556733624,1.015870819
Luxembourg,LUX,3.829983122,1.358677671,3.43910854,7.865828819,-0.734933604,1.105904112,0.216730812,4.183872427,9.972857943,11.09445281,2.667233586,6.598198478,8.312668568,4.212474778,-6.571372925,2.534333945,1.569771442,4.074972055,2.345611433,0.840882984,-0.55095552,1.13130294,2.989075997,6.18693701,2.791704465,9.983939163,3.950974534,8.463282944,9.798065358,5.319931127,8.644188024,1.819652452,4.200650703,3.820920195,1.432199989,1.398074483,5.419833294,6.67451219,8.175181563,6.938130249,3.074354999,3.2254169,2.619378579,4.231891307,2.482874748,6.016715044,8.098667607,-0.300176194,-3.238954027,3.760413593,1.044298695,1.64990203,3.171790499,2.623086016,2.269784484,4.978190437,1.317187663,2.00437712,3.283806756,-1.776240229,6.886567708
Madagascar,MDG,2.048632751,2.271069701,-0.929401623,3.962518847,-0.452253863,2.064552408,5.52856561,6.828786098,3.721222168,5.276455575,3.929365031,-1.272621531,-2.61847833,2.00687938,1.258691635,-3.068858391,2.364000358,-2.661805964,9.854650294,0.952707585,-9.800000001,-1.9,0.899999999,1.760181943,1.156344139,1.960224882,1.174913261,3.40692921,4.074880657,3.12890505,-6.306351591,1.180884942,2.099923187,-0.042101301,1.678592317,2.154204476,3.693492616,3.917074599,4.699227044,4.456858938,5.980235764,-12.4079711,9.784892121,5.257003621,4.755845097,5.39850845,5.710564197,6.712632542,-3.978708613,0.619239746,1.578427051,3.011148115,2.300376232,3.339203113,3.132298073,3.993146064,3.933307595,3.20001288,4.4,-7.14061,4.40234
Mexico,MEX,5.000000001,4.664414673,8.106886928,11.90548077,7.099999997,6.096139303,5.854924879,9.423278818,3.418620024,6.502484035,3.762467685,8.228807312,7.861119861,5.77682723,5.744485049,4.417444136,3.390639707,8.956942328,9.698170137,9.233251985,8.525606663,-0.520808042,-3.486421803,3.410814136,2.187693116,-3.078955376,1.722439312,1.283260997,4.10550933,5.175768387,4.214754839,3.541102416,1.941155848,4.941080676,-6.291230821,6.773258694,6.846852279,5.163925168,2.753554247,4.942453715,-0.404390127,-0.039844481,1.446382684,3.92059081,2.307807066,4.495077894,2.291445714,1.143584587,-5.285744137,5.118118143,3.66300793,3.642322679,1.354091962,2.849773255,3.293151528,2.630532425,2.113129135,2.194994725,-0.185906788,-8.16735801,4.797191749
Malawi,MWI,7.639597856,0.668364744,-1.391078518,2.661103268,13.61649342,13.24903632,7.281549943,-1.923079168,5.882359893,0.479297978,16.21856363,6.231349011,2.300661571,7.175963618,6.086823806,4.997731242,4.918031369,9.745068031,4.396153736,0.406746413,-5.290119215,2.503453811,3.718709051,5.360304095,4.570982304,-0.21480252,1.625239182,3.177291279,1.344689707,5.692294496,8.730231826,-7.332978137,9.691840273,-10.24018174,16.72881759,7.316681512,3.792419098,3.89525363,3.042278092,1.576077837,-4.974963848,1.700000015,5.705639436,5.420497695,3.268725825,4.699999993,9.600000005,7.639736775,8.328110275,6.874065633,4.854055111,1.885799508,5.199999996,5.700000005,2.8,2.484040626,4.000030516,4.391688296,5.448181336,0.799998331,2.751416408
Malaysia,MYS,7.597994,6.421029609,7.338803527,5.35896291,7.684863475,7.816711026,3.857146492,7.977994642,4.888533653,5.98653863,10.03466058,9.388444991,11.70108161,8.318661974,0.801068092,11.56348978,7.75305838,6.653892215,9.349099931,7.441826779,6.942104201,5.943152458,6.252230811,7.761790122,-1.025250253,1.240594928,5.191932113,9.937719677,9.059600867,9.008527138,9.545467414,8.885117978,9.894943334,9.212041793,9.829085197,10.00270069,7.32274185,-7.359415188,6.137612011,8.85886817,0.517675319,5.390988307,5.788499286,6.783437724,5.332139161,5.584847067,6.298785927,4.831769889,-1.513528716,7.424847383,5.293912834,5.473454193,4.693722526,6.006721946,5.091532422,4.449781398,5.81272241,4.843086976,4.439438251,-5.646939932,3.132589661
North America,NAC,2.301158979,6.099187788,4.398366175,5.802522229,6.399181929,6.503862137,2.505682582,4.798429531,3.100191028,-0.279733868,3.293439184,5.256811466,5.643274146,-0.539750472,-0.203178575,5.390255215,4.624937449,5.532759404,3.165534995,-0.251882517,2.53761862,-1.805120721,4.582320568,7.232557439,4.1661662,3.464350096,3.459411416,4.176994847,3.670874776,1.884971585,-0.110054574,3.520633369,2.751906115,4.027118948,2.685027006,3.772002838,4.447247481,4.360208617,4.735621724,4.138427139,0.989094199,1.816968489,2.869688287,3.85630695,3.592531627,2.886139206,2.374144255,0.19032007,-2.627118134,2.736368762,1.673279935,2.236265126,1.879791747,2.332052952,2.541510234,1.61424654,2.317497511,2.906563164,2.256015298,-3.54907147,5.584548978
Niger,NER,4.546393037,10.2787135,9.42822932,0.131039891,6.919761818,-0.382497199,0.122868672,0.383494663,-5.485945813,3.055778922,5.67932064,-5.166272303,-17.04758357,8.775238049,-2.793193436,0.678203402,7.764581119,13.47261233,7.14699607,-2.455036129,-0.177666071,2.17446022,-3.863627907,-16.81983511,7.71812745,6.352137303,0.08828136,6.871150137,0.957045973,-1.308478285,-0.4394891,2.000752361,0.321655474,1.854778791,2.457244122,0.100530504,1.527475711,9.972614956,-0.219562518,-1.208477741,7.268134902,4.918470576,2.170610384,0.363801579,7.331868843,5.931049974,3.142724084,7.731414228,1.962600907,8.578166743,2.357756936,10.54894458,5.315130634,6.642136655,4.392648832,5.740893151,5.001359945,7.210803008,5.941396863,3.580006403,1.352053749
Nigeria,NGA,0.19179549,4.102992589,8.578618915,4.950488666,4.884976834,-4.250514184,-15.74362821,-1.248360246,24.19738395,25.00724193,14.23753156,3.364262035,5.392760484,11.16067455,-5.227747555,9.042351726,6.02411785,-5.764158394,6.759430935,4.204831044,-13.12788049,-6.803388815,-10.92408503,-1.115623217,5.913027459,0.060945274,3.200125467,7.334025488,1.919381296,11.77688593,0.358352603,4.631192947,-2.035118776,-1.814924483,-0.072664767,4.195924045,2.93709942,2.581254103,0.584126895,5.015934757,5.917684652,15.32915574,7.34719497,9.250558228,6.438516525,6.059428031,6.591130361,6.764472778,8.036925102,8.005655915,5.307924204,4.230061175,6.671335393,6.309718656,2.652693295,-1.61686895,0.80588662,1.922757342,2.208429277,-1.794253082,3.647186541
Nicaragua,NIC,7.497743398,10.89079833,10.86547925,11.69847903,9.525155826,3.301136399,6.969513825,1.342960053,6.237703908,1.35382659,3.3047565,2.220722892,6.417013974,14.1924251,-0.153246894,5.209454498,8.36848053,-7.838800371,-26.47878887,4.61173228,5.363290189,-0.816361919,4.613211627,-1.566093913,-4.081851487,-1.017309161,-0.706352942,-12.44982204,-1.738216331,-0.052499721,-0.1892815,0.386346537,-0.392935931,3.337725997,5.911907957,6.344268385,3.966650977,3.711681465,7.035970468,4.101590236,2.960843427,0.753938858,2.520732892,5.312170612,4.282398363,4.153199566,5.076701701,3.436373829,-3.292789619,4.409645499,6.317476383,6.495258014,4.927502861,4.78581617,4.792056766,4.563515388,4.630795521,-3.363705717,-3.779889144,-1.789407999,10.34492902
Netherlands,NLD,0.295546673,6.843507321,3.62462153,8.274903931,8.643094936,2.741104335,5.280014747,6.41613404,6.429449078,6.140181648,4.316980365,3.533874409,5.444222985,3.438717861,0.002028862,4.456309652,2.520440279,2.696246964,2.014166128,1.341914136,-0.783611707,-1.240756593,2.069957888,3.061679182,2.580179771,2.786975737,1.931248685,3.441218861,4.420117896,4.183222986,2.439134408,1.706070897,1.257552158,2.961092569,3.116035986,3.498742121,4.329053405,4.66391716,5.034048152,4.195642498,2.326955087,0.217273595,0.155645898,1.984945714,2.050876108,3.460988954,3.772842521,2.170324851,-3.666883937,1.342739336,1.551189312,-1.030353991,-0.130175288,1.423395395,1.959169721,2.191713719,2.910902513,2.360915095,1.955588416,-3.798635993,5.035902024
Norway,NOR,6.27333551,2.813945138,3.785043084,5.009650987,5.285608801,3.786513255,6.256079006,2.259875528,4.504611456,1.943300505,5.672407475,5.330625916,4.532918846,3.923010202,4.952147785,5.825393459,4.160747322,3.869406251,4.372459927,4.564648356,1.598274364,0.235354478,3.972808814,6.052403165,5.553358964,4.042252621,1.753400789,-0.255347258,1.038289969,1.932419827,3.084721395,3.574395539,2.845324367,5.055427388,4.155491334,5.027947172,5.284592985,2.624426222,2.012863289,3.204979222,2.074790394,1.44625414,0.910105664,3.96941456,2.625419938,2.399828426,2.994287714,0.476345013,-1.727020309,0.701833824,0.981434479,2.703109471,1.034072914,1.969544301,1.967128438,1.071558977,2.323290208,1.118828479,0.745798219,-0.717182669,3.92266521
Nepal,NPL,1.908265972,1.910320031,1.895111645,7.532448553,-1.203189018,7.040643145,-1.5714975,0.675483463,4.463421603,2.575992127,-1.195383302,3.117800364,-0.476536268,6.333590372,1.456470709,4.398536178,3.016973442,4.405741389,2.368877795,-2.319394205,8.341974135,3.779374654,-2.977405857,9.681130016,6.144905237,4.565650546,1.695618266,7.696808711,4.329647933,4.635036347,6.368150405,4.106406605,3.849850027,8.216002705,3.468451889,5.328284176,5.048612536,3.016389481,4.412573275,6.199999985,4.799892146,0.120143179,3.945037761,4.682603249,3.479181044,3.364614787,3.411560275,6.104639147,4.533078721,4.816414651,3.421828238,4.670122149,3.525153174,6.011482841,3.976053274,0.433113718,8.977279354,7.622376108,6.657055428,-2.369620627,4.246940141
Pakistan,PAK,5.987346419,4.482858627,8.688831518,7.569757449,10.41936582,5.789951801,5.400612597,7.233220925,5.507899634,11.35346172,0.468372549,0.813406405,7.064263857,3.540191713,4.211415631,5.15618959,3.947698287,8.048533619,3.758435569,10.21570404,7.920763572,6.5374868,6.778378339,5.065205605,7.592114699,5.501653664,6.452343025,7.62527878,4.959768894,4.458586815,5.061567755,7.705897823,1.757747698,3.737415553,4.962609149,4.846581284,1.014396014,2.550234296,3.660132743,4.260088011,3.554418216,2.508337724,5.777033992,7.546860015,6.518778074,5.898984441,4.832817277,1.701405465,2.831658519,1.606688629,2.748405917,3.50703342,4.396456633,4.674707981,4.731147475,5.526735845,4.432625907,6.151702611,2.497636929,-1.329519732,6.029752083
Panama,PAN,10.92659484,8.24473682,8.538788799,4.432130368,9.160036262,7.581401883,8.552931179,6.977388624,8.441389169,6.959226108,9.616137578,4.582812505,5.364310217,2.448319562,1.74091944,1.66446136,1.094025891,9.792643918,4.51475108,13.08448173,9.206809454,5.348456438,-4.491364346,2.709473773,4.942233652,3.567788228,-1.809055481,-13.37984378,1.562247005,8.098993006,9.419005562,8.201680334,5.455744436,2.850146814,1.751678757,4.079703206,6.46099044,7.341500703,3.917206589,2.715374155,0.574272791,2.229149417,4.205495945,7.522079658,7.191279402,8.652465611,11.98398539,9.855654852,1.242992318,5.827993494,11.31362591,9.778827683,6.903436783,5.066613016,5.73269035,4.953434943,5.591328224,3.685344522,2.979715328,-17.9448641,15.33581906
Peru,PER,7.347096331,10.03529333,4.328249818,6.54786765,5.621733449,8.238920446,3.852564408,0.152237711,3.514458913,3.365946003,4.590539928,3.477535123,6.276934756,9.386834919,4.300863165,1.447110995,0.349063699,-2.642502979,4.090750574,5.943335398,5.552041815,-0.222723444,-10.4080858,3.608286538,2.061132066,9.425962361,9.726146431,-9.441273446,-12.31204145,-4.982563536,2.219259103,-0.540509125,5.243577008,12.30836618,7.411395047,2.798973079,6.476824421,-0.391537556,1.494910643,2.694371398,0.617892326,5.453528938,4.165023137,4.958203206,6.285060325,7.528899044,8.518387769,9.126568301,1.095823659,8.332459107,6.327192402,6.139724706,5.852518211,2.382157372,3.252244772,3.953318715,2.518835442,3.969351341,2.240631769,-10.95269893,13.34950908
Philippines,PHL,5.69547095,4.846294189,7.016265184,3.402494436,5.345089329,4.441158534,5.222687589,5.038159397,4.689473441,3.692487487,5.389008416,5.430387494,8.782009122,3.394606379,5.45110287,8.778403331,5.562970252,5.19238453,5.595571076,5.200711079,3.422208738,3.698406099,1.89695179,-7.039378201,-6.858377209,3.51068403,4.361809673,6.696931105,6.183918203,3.082672529,-0.436390081,0.417629066,2.181889986,4.373665918,4.625225117,5.860347872,5.186411674,-0.5140906,3.346451184,4.382504833,3.04923151,3.716255002,5.086911135,6.569228512,4.942505119,5.316416821,6.51929155,4.344487305,1.448323063,7.33449996,3.858232828,6.896951711,6.750531301,6.347987483,6.348309717,7.14945675,6.930988326,6.341485572,6.118525662,-9.518294741,5.703155968
Papua New Guinea,PNG,6.181111721,6.374099316,4.072521771,8.570281529,10.26851981,5.813757981,4.070461475,4.359590251,8.273457948,10.84280578,6.295192567,5.643553371,6.529264832,2.610532593,-0.879884165,-3.388448614,0.834815601,8.549859334,1.832395515,-2.303451201,-0.274829572,0.352944289,3.223163064,-0.354726452,4.000190344,4.693057069,2.770494832,2.909240484,-1.419579884,-3.012169222,9.54689771,13.84908527,18.20228595,5.94210906,-3.312448778,7.733695798,-3.904389656,-3.769113218,1.855553994,-2.494841993,-0.121288606,-0.158900533,2.164102502,2.721175741,6.344795923,5.409944091,7.815189229,-0.296457846,6.800421483,10.12845407,1.107543626,4.657119597,3.824946328,13.54377062,6.578356323,5.489573153,3.534610818,-0.279252285,4.480430622,-3.499999987,1.5
Portugal,PRT,5.534903476,6.614447769,5.873702116,6.310747383,7.46898853,4.077909434,7.544482529,8.875509234,2.120741162,12.61260546,6.631653,8.015695702,11.20067201,1.142859324,-4.347630545,6.900230414,5.602597313,2.815966153,5.638937823,4.589339924,1.618104215,2.135375078,-0.173113548,-1.879979089,2.807438851,4.14095568,6.381394135,7.489108289,6.44063924,3.950522763,4.368206463,1.089476408,-2.043276532,0.964837925,4.28278046,3.504247069,4.400867754,4.807962976,3.90657744,3.816178063,1.943672296,0.770924024,-0.930521193,1.788735682,0.781848216,1.625034176,2.506579646,0.319247925,-3.12207942,1.737625476,-1.696164781,-4.057293608,-0.922644675,0.792190302,1.792046046,2.019485396,3.506345285,2.849325934,2.682759409,-8.442455971,4.881210103
Paraguay,PRY,6.900285514,3.300258516,4.71029134,4.212477359,6.167974756,1.991503335,9.150367204,4.527073842,4.701151408,5.553425733,5.538151943,6.631297476,7.302812907,8.381525437,6.852444714,7.525949531,11.4940816,12.02872995,11.86214697,11.71214594,9.170458849,-1.397617718,-3.042617885,2.816599446,4.523135678,4.964835666,7.582304376,5.915372066,6.935203911,4.123282879,3.493650155,1.696428011,4.936359415,5.31791766,6.822810304,1.573785132,4.242516103,0.068037756,-1.366079712,-2.314140568,-0.834054717,-0.021404395,4.320745486,4.057418364,2.133490665,4.807117193,5.421622872,6.49629212,-0.261137328,11.09523127,4.286371207,-0.708043112,8.293076489,5.301238592,2.957151735,4.268025833,4.810078856,3.204250341,-0.401855101,-0.819785391,4.199881666
Rwanda,RWA,-4.297526047,11.33379837,-9.820444413,-12.46499268,7.009529255,7.008910823,6.91601751,7.013780928,11.00737015,6.001425247,1.206640701,0.263068267,3.438088141,1.409823574,-2.113825424,19.50457717,1.994109481,9.150840816,11.86990804,8.95161233,5.436199479,1.810846447,5.980349934,-4.240773278,4.402748333,5.472137488,-0.024036109,4.498824993,-0.036534273,-2.399291098,-2.514379653,5.872725238,-8.108691877,-50.2480671,35.22407831,12.74569576,13.84975249,8.858669491,4.351888326,8.37091824,8.484519453,13.1920781,2.20240272,7.447679676,9.377899425,9.227047579,7.633311061,11.16124324,6.248259929,7.334656108,7.958385719,8.641520625,4.719836864,6.167167721,8.856861325,5.970744298,3.976289694,8.579437537,9.460597561,-3.35885332,10.88451916
Sudan,SDN,0.022391334,6.915842154,-2.846971681,-1.120449118,6.777074073,-3.575147485,1.424081283,1.963220823,1.389350491,5.925074716,2.2473141,-5.070986479,0.63219525,11.44528914,15.71346645,16.66521974,6.223853782,-5.930986721,-5.01859933,1.524310148,7.437563656,5.958666433,2.062501695,-5.008906769,-6.281043581,5.413811012,14.2208846,-0.331091818,8.931393688,-5.470053776,7.510910271,6.577861381,4.56874927,1.00622878,5.997092322,5.919124197,18.31265719,4.308504255,3.104095615,6.34586744,6.500360534,6.006471536,6.288808161,5.140888518,5.643515513,6.531411747,5.735274237,3.846744731,-2.767704366,3.858241952,-3.213532093,-17.0046884,1.955144633,4.661379542,1.910176891,3.467642184,0.709256285,-2.68093055,-2.178251045,-3.629805626,0.114588214
Senegal,SEN,2.993448256,-0.136235361,1.864478569,3.883927102,1.332189491,2.876760975,-1.219792865,6.290773531,-6.554142923,8.562045515,-0.14044944,6.383208916,-5.583240108,4.200775526,7.535662599,8.920503704,-2.682905305,-3.95393126,7.001685613,3.987761972,5.18022967,8.010384371,-5.647460281,3.935842443,3.463084465,3.126985549,6.255863407,-0.816575488,3.973783315,-0.746282224,2.659962657,1.320233037,1.360213007,-0.047520949,5.468584858,2.019977209,3.045601035,5.898479318,6.28330825,3.887210958,4.310851466,0.068696575,5.593950945,4.643293937,4.310238526,2.330770983,2.827119201,3.703169064,2.752104485,3.390889253,1.33409108,4.002995551,2.412385276,6.224074438,6.367043651,6.369684417,7.393737497,6.209241034,4.613628097,1.325505141,6.064495968
Singapore,SGP,8.137529508,7.553444181,10.04017331,-3.103168156,7.834260465,10.18009531,12.50861275,13.52699422,13.83382512,13.942003,12.41343716,13.31556261,10.60300302,6.117404371,3.988738626,7.437166818,6.852442394,7.777181954,9.55444874,10.11337211,10.8159233,7.102144849,8.554482106,8.792286239,-0.62270165,1.342810414,10.79793247,11.26359213,10.15882864,9.820899557,6.68839754,6.639805569,11.45965088,11.09568931,7.175401121,7.47139086,8.316209111,-2.191015006,5.718371757,9.038316326,-1.070862751,3.923360767,4.548255426,9.939982684,7.366322393,9.006766079,9.021519513,1.863483455,0.127953383,14.51974971,6.214934169,4.435497594,4.817630991,3.935540277,2.976799316,3.56169799,4.661435049,3.661304994,1.095672567,-4.143105621,7.613962615
Sierra Leone,SLE,1.80904355,4.540967064,1.699715173,6.685238791,7.180155792,1.699999998,0.036281553,2.019923833,8.525446802,8.62049324,3.465916492,0.90023465,2.25661825,3.49982832,1.669216524,-0.449176342,0.04667581,2.406332166,4.511265607,4.843503756,2.881428565,4.781755535,-2.102801617,4.093034267,-5.311340498,1.236046911,7.231268731,-7.08,0.729999999,3.349997984,2.351960645,-19.01290963,1.374549379,-1.947384335,-7.999753286,1.753821399,-5.877082015,1.785014281,-1.979285588,6.652727885,-6.345455153,26.4173166,9.313120969,6.59794486,4.505095672,4.223914279,8.058145152,5.39828521,3.188051216,5.346466052,6.315045036,15.18176908,20.71576829,4.556772366,-20.59877072,6.055474029,4.192610074,3.46460214,5.254241203,-1.96894782,3.050202695
Suriname,SUR,4.799999998,3.900000001,5.6,6.499999999,12,19.2,12.1,7.6,4.499999999,2.7,3.9,-0.6,-1.8,0.4,2.800000001,8.8,10.2,6.599999997,-0.599999997,-8.8,7.099999999,-4.2,-3.9,-1.9,2,0.800000001,-6.2,7.799999999,4.2,-4.500000001,2.699999134,0.400000009,-6.69999815,3.399998897,0,1.000001223,5.699997683,2.300001651,-1.40000047,2.099998868,4.200000421,2.800000689,6.299999433,8.500000185,4.500000211,5.793543585,5.111487778,4.143406812,3.013698983,5.168825152,5.849367672,2.690349747,2.933441652,0.255503032,-3.411096013,-4.915786469,1.567191065,4.948270766,1.098467778,-15.90795119,-3.478664193
Sweden,SWE,5.68129281,4.259047228,5.327933788,6.8211645,3.821507586,2.090844289,3.365388583,3.638505664,5.009075215,7.28920626,0.944646246,2.288738794,3.967981154,3.198195646,2.552862643,1.058104877,-1.596258566,1.75154805,3.840003477,1.699971439,0.454830417,1.248664679,1.90063873,4.229535245,2.160373746,2.691323173,3.353842984,2.559038665,2.654806927,0.754674769,-1.145974869,-1.15859276,-2.06561637,3.929972837,3.935192926,1.579456406,3.070526593,4.311836353,4.247184144,4.766348871,1.449498618,2.196921062,2.30981059,4.336856154,2.85880324,4.662773552,3.439221776,-0.450559257,-4.339790575,5.952107008,3.195333235,-0.588304569,1.187775716,2.657798275,4.489281588,2.070593151,2.567924525,1.950022846,1.986195874,-2.94418192,4.800611582
Seychelles,SYC,-4.882276361,8.408581272,10.13560296,5.919246456,-1.060571097,13.89650757,0.504739463,7.553235639,0,8.871869865,15.85177574,6.308307966,9.054186312,1.302849676,3.177405072,16.27764772,-6.190226813,21.15169252,15.79434062,-4.248522589,-8.21517887,-1.117673623,-1.709245539,4.511132341,11.12573758,-0.176801263,4.404107291,5.396746053,11.19882307,6.99554469,2.760426099,7.161466737,6.196649768,-0.798696999,-0.825642363,4.917525348,11.96155598,8.403398525,1.872006587,1.514338815,-2.271162762,1.212831267,-5.887127528,-2.850453659,9.005761428,9.40612788,10.42143611,-2.146892655,-1.105245793,5.954962469,7.887279597,1.260828834,6.018076825,4.504785244,5.637314488,5.353071513,4.511094855,3.198883963,3.087480983,-7.723517801,1.846900376
Chad,TCD,1.397743671,5.360116109,-1.599454015,-2.510939603,0.606227786,-1.807092392,0.767201382,-0.457218867,6.881310224,1.859656479,-2.247626372,1.149616095,-8.380883008,4.961852583,9.010267306,2.98076527,2.234624849,-0.469634188,-21.44108769,-6.047670747,1.042918103,5.346608999,15.67871778,2.048898911,21.79277353,-4.081667517,-2.388808497,15.48235907,4.884735103,-4.178472373,8.535137166,8.001443346,-15.70983705,10.13688763,1.236549317,2.214473035,5.653392328,6.951579914,-0.682850217,-0.879681025,11.65813465,8.491209819,14.72166701,33.62937185,17.33253374,0.648262014,3.271499579,3.052691532,4.217695552,13.55010086,0.082869798,8.882576072,5.700001363,6.899985045,2.767675685,-6.255527085,-2.988695986,2.3740378,3.247181917,-1.600006737,-1.199990525
Togo,TGO,12.16931737,3.773652832,4.999694271,14.28601126,15.45971271,9.408719101,5.500371558,5.023691852,10.83086834,2.524302645,0,7.625157547,3.837484002,4.832849119,2.440541184,-2.051522587,6.959085373,11.04543451,-5.167742646,14.57695611,-3.315186078,-3.582402546,-5.414007785,5.555555041,5.555552164,1.586504315,0.510162181,6.64236977,4.060021684,-0.243656134,-0.699967494,-3.980686814,-15.09582749,14.98241435,7.845832319,8.836211632,14.37737757,-2.299876568,2.481751436,-0.783479606,0.823438749,3.82662258,6.720171423,-0.978665335,-4.666299382,2.6501321,-1.175120391,4.062252827,5.537910973,6.099259163,6.398199053,6.543507029,6.112343077,5.920588573,5.742868453,5.559079305,4.347748238,4.9762131,5.459921448,1.752824967,5.260594925
Thailand,THA,5.362146302,7.554254448,7.999830787,6.830996144,8.181661538,11.12251849,8.615982333,8.122270256,6.550659886,11.40794907,4.89537376,4.278508039,10.23643301,4.466253386,4.970405228,9.326811082,9.843463235,10.29574653,5.371766513,5.173541006,5.906867763,5.352348751,5.584202469,5.752430251,4.647240357,5.533827767,9.518946022,13.28811407,12.19050599,11.16716344,8.558260321,8.083388023,8.251915915,7.997024667,8.120315346,5.651944465,-2.753575153,-7.634035286,4.572307751,4.455247043,3.44424901,6.149036052,7.189243303,6.289342143,4.187638429,4.967810892,5.435151691,1.725698849,-0.690618232,7.513390533,0.840132083,7.242796202,2.687495563,0.984468864,3.134047249,3.435157717,4.177681032,4.222870287,2.151656122,-6.19548916,1.566295338
Trinidad and Tobago,TTO,14.03707086,2.742463146,5.604597246,7.630499772,0.693850281,4.056821561,2.042517715,5.215141615,2.73068461,3.533635678,1.040335828,5.780346819,1.656420766,3.807604009,1.477965371,6.405145379,9.121790388,10.0164805,3.59936751,10.39081014,4.577208558,3.799318071,-10.30032848,-5.75090617,-4.119419554,-3.279163048,-4.561778538,-3.919724051,-0.829914212,1.509167843,3.112407866,10.09297951,-0.669114766,3.567180606,3.809913144,7.134477465,7.522854626,8.124563997,8.024817644,6.901359591,4.168523982,7.936709687,14.44098954,7.950051511,6.20893788,13.20805861,4.754209701,3.391737078,-4.391729247,3.32322471,-0.294354409,1.342687023,2.270222834,-0.855308657,1.783567959,-6.31755344,-2.681210792,-0.706435308,-0.171437013,-7.374285265,-0.985307673
Turkiye,TUR,1.156069385,5.571428582,9.066305552,5.459056798,2.823529543,11.21281504,4.732510244,6.77799601,4.081145621,3.233508973,5.566694501,7.425788326,3.262334518,5.594474403,7.17411269,10.46117956,3.406669804,1.502933011,-0.62411357,-2.447350426,4.856648767,3.563227812,4.971080777,6.712015712,4.241335716,7.012031111,9.485538842,2.320736794,0.290244069,9.266146671,0.720279036,5.035634939,7.651265203,-4.668147364,7.878266876,7.379664474,7.577663644,2.404150257,-3.263168406,6.933239705,-5.750006555,6.447722047,5.763206067,9.795936389,8.992304936,6.947988086,5.043507932,0.815024573,-4.823153953,8.427104323,11.20011058,4.788492711,8.485816997,4.939715161,6.084486904,3.323084208,7.501997489,2.979885235,0.889585161,1.793551396,10.98618099
Uruguay,URY,2.493037918,-1.57454885,0.170458856,2.440520779,1.045604054,3.062855935,-3.656834113,1.888911745,5.864740633,2.333213381,-0.251711531,-1.319569862,0.275199617,2.895344598,6.096914313,3.935470175,1.455461178,5.373985348,6.199116732,5.843400901,1.559559829,-9.757871461,-10.2743992,-1.14261745,1.466536029,8.809808295,7.993137205,1.480937462,1.103901024,0.297348379,3.538808505,7.931588414,2.657546107,7.281342644,-1.447598969,5.577957764,8.547683201,4.518890097,-1.939212154,-1.929930638,-3.844129949,-7.732007206,0.805283915,5.004160334,7.460132138,4.098577364,6.541510842,7.176144668,4.243494175,7.803409666,5.162133029,3.538178707,4.637538641,3.238791217,0.370741265,1.689798164,1.627753973,0.477907184,0.350447153,-6.121476278,4.367009313
United States,USA,2.3,6.1,4.4,5.8,6.4,6.5,2.5,4.8,3.1,-0.283491263,3.293351639,5.258907357,5.645722556,-0.540551652,-0.205456065,5.388139287,4.624153065,5.535304958,3.166145308,-0.256749674,2.537719307,-1.802887409,4.583913355,7.23663315,4.169656223,3.462645971,3.45925199,4.177061291,3.67264815,1.885964957,-0.108264791,3.522440527,2.751781051,4.02879326,2.684217272,3.772565499,4.447174945,4.481394432,4.794499045,4.077159479,0.954338729,1.695942923,2.796209101,3.852552601,3.48322032,2.782810626,2.010507552,0.122188443,-2.599888351,2.708856694,1.54989495,2.280687603,1.841875395,2.287775933,2.706369582,1.667472076,2.255680481,2.918856897,2.288869868,-3.404589652,5.671107191
World,WLD,3.790542353,5.316458241,5.184865253,6.558488822,5.54919168,5.712499149,4.156566555,5.941060345,5.815897017,3.928543464,4.274467821,5.6189147,6.406644702,1.793561753,0.636571762,5.303100081,4.098960031,4.136976436,4.174642457,1.87723136,1.933630111,0.394430947,2.649980973,4.675714076,3.699523074,3.443682033,3.731511048,4.640171491,3.753604575,2.868151785,1.460283526,2.070091288,1.808187434,3.306544243,3.090843001,3.620741052,3.904655888,2.794290789,3.523236263,4.487297166,1.99684326,2.328904921,3.150846537,4.493562174,4.043142251,4.476227986,4.477407141,2.066395257,-1.325831914,4.532279195,3.321024221,2.707161921,2.819838043,3.055919871,3.08105935,2.798896114,3.379489864,3.276646336,2.614882119,-3.271218833,5.802056757
St. Vincent and the Grenadines,VCT,4.527283278,3.694261801,-6.265338526,3.669725565,0.884935067,0,-9.523813464,6.509705889,2.86084497,10.74588955,2.968050584,25.83148894,-11.10133505,-8.820591531,-7.608709435,10.37682032,13.2294111,9.777473894,3.382216938,2.442720219,4.613904086,4.47684917,2.168596119,6.586338972,6.17934628,5.599740531,0.438004941,14.07469453,1.405610788,4.149186828,1.135573581,6.377940727,4.25073598,-1.247626263,7.766651721,1.287906805,3.505152757,4.090199571,2.71030492,1.639033243,1.748235405,5.342124775,6.691336926,4.114697043,2.488555485,6.996929864,3.322969349,0.40463955,-1.378194084,-4.47046905,-0.60627645,1.169114289,2.462482218,1.145756924,2.785222668,4.149565316,1.669364782,3.052342927,0.404012378,-5.312647581,0.735107365
South Africa,ZAF,3.844734142,6.17793085,7.373709249,7.939608645,6.122798096,4.438386089,7.196523065,4.153372983,4.715902867,5.248661431,4.278934403,1.654829709,4.571944746,6.111122104,1.695433779,2.249860329,-0.093979116,3.014479779,3.790519264,6.620583427,5.36079106,-0.383419108,-1.846557746,5.09915163,-1.211540882,0.01784924,2.100729021,4.200109648,2.394795115,-0.317760427,-1.018244968,-2.137032845,1.233557939,3.200000003,3.100000001,4.299999997,2.600000001,0.5,2.399999997,4.200000001,2.7,3.700374404,2.949075468,4.554559907,5.277051973,5.603806459,5.360474054,3.191043886,-1.538089135,3.039732881,3.168556279,2.396232385,2.485468008,1.413826452,1.321862237,0.664552308,1.157946952,1.487617373,0.113053697,-6.431974826,4.914602661
Zambia,ZMB,1.361381991,-2.490839475,3.272392893,12.21404802,16.64745596,-5.570309809,7.919696512,1.248329982,-0.436915823,4.797112903,-0.086039551,9.208865142,-0.962048756,6.428158549,-2.269328924,6.220975267,-4.564236174,0.553763844,-3.023931031,3.035622351,6.167957407,-2.812782629,-1.966689298,-0.336834899,1.615310368,0.723893956,2.675661713,6.280749009,-1.023501789,-0.481072028,-0.036133384,-1.730922174,6.797274049,-8.625441952,2.897668893,6.218546489,3.814007497,-0.385746146,4.650189746,3.897322943,5.316868274,4.50601428,6.944973982,7.032395115,7.235599007,7.903694445,8.352436244,7.773895815,9.220348406,10.29822332,5.564602337,7.597593211,5.05723174,4.697992363,2.920375112,3.776679146,3.504336096,4.034493897,1.441306026,-2.785055065,3.572815303
Zimbabwe,ZWE,6.316157268,1.434470888,6.244344508,-1.106171859,4.910570587,1.523130027,8.367008929,1.970134969,12.42823584,22.56515084,8.917586642,8.329774727,2.604714697,6.625153618,-1.931223239,0.464838905,-6.860703193,-2.706922485,3.297035399,14.42068391,12.52542485,2.634297147,1.585305462,-1.90736011,6.944387768,2.099029125,1.150737203,7.55237451,5.199766444,6.988552933,5.531782398,-9.015570086,1.051458626,9.235198861,0.158025651,10.36069677,2.680594174,2.885211806,-0.817821016,-3.059189762,1.439615384,-8.894023633,-16.99507469,-5.807538055,-5.71108368,-3.461495192,-3.653326859,-17.66894629,12.01955993,19.67532314,14.19391296,16.66542877,1.989492762,2.376929327,1.779872703,0.755869251,4.709492179,4.82421054,-6.144236314,-6.248748224,5.849419762
