Country Name,Country Code,2000,2001,2002,2003,2004,2005,2006,2007,2008,2009,2010,2011,2012,2013,2014,2015,2016,2017,2018,2019
Angola,AGO,0.06676971,0.41370265,0.37108301,0.36243233,0.96102248,1.64834899,4.08852934,2.5050359,3.37496332,4.59279096,3.13921639,3.49376487,2.6580635,3.6848953,4.17342399,2.89951444,3.46411244,3.56128194,2.91132411,2.26137979
United Arab Emirates,ARE,0,0,0,0,0,0,0,0,0,0,0,0,0,0,0,0,0,0,0,0
Argentina,ARG,0.21708248,1.35509441,4.40387097,0.90086143,19.6027174,4.64462293,1.48688927,1.31238196,6.9103056,2.26170977,3.11258032,7.01188904,7.12936365,6.33962179,6.79630336,4.34729648,3.55937126,6.63558865,3.41266983,2.37137492
Armenia,ARM,3.33912288,5.81030673,4.72940769,3.49179247,3.93756253,11.24964281,14.61111631,21.08778635,15.68271044,11.60317493,11.08320307,10.41331282,9.95701183,8.21112134,6.20558302,3.95229406,6.6882047,5.22124917,5.13826809,5.21521976
Antigua and Barbuda,ATG,1.78778162,0.4117145,0.75422824,0,0.25239121,0.97180261,0.90519649,0.9910354,1.26437428,0.16350725,0.89335098,0.37048839,0,1.67370737,0,0,0.1054827,0.17131075,0.78491873,0.35330827
Australia,AUS,0,0,0,0,0,0,0,0,0,0,0,0,0,0,0,0,0,0,0,0
Austria,AUT,0,0,0,0,0,0,0,0,0,0,0,0,0,0,0,0,0,0,0,0
Azerbaijan,AZE,0.38194797,0.23942729,0.17145008,0.6303455,0.49192936,0.3140532,0.85795404,1.29575825,1.37620177,1.56282498,2.16400866,2.44265288,4.03589397,1.88887461,2.73262226,1.88291492,0.79745641,1.04062967,1.10635632,0.58317973
Burundi,BDI,0.05978956,1.71447792,1.24786229,1.28805114,2.37769658,3.62933779,4.57120903,4.79302514,5.38153203,7.90206493,11.33211631,6.71076809,6.18675418,9.53805467,2.49720643,1.92019896,7.00368557,7.2493287,7.30407801,5.2763075
Benin,BEN,2.66300172,2.86665288,3.22409654,4.31327319,4.95464653,4.89072187,5.09228891,6.9871776,7.87469103,6.76974596,7.99945414,9.04989209,14.16935487,9.09736367,9.84920765,10.71770635,9.10350812,5.79766576,9.33565419,7.08867711
Burkina Faso,BFA,1.60674982,1.51174114,1.94309958,3.73758285,4.70990793,6.40322109,7.56715085,12.0588837,10.96673453,9.82602547,14.06093954,11.3925131,13.33096776,12.92863651,9.35779277,8.27168368,9.62135704,8.01114565,6.11452816,6.68967908
Bangladesh,BGD,0.68112496,0.83741229,0.94873725,1.00882704,1.12747376,1.11323993,1.01991985,1.17289518,1.34531428,1.71890793,1.91088405,2.01591113,2.19584608,2.48939037,2.55184857,2.63657668,2.7034135,2.53148448,2.73392738,2.8050741
Bahrain,BHR,0,0,0,0,0,0,0,0,0,0,0,0,0,0,0,0,0,0,0,0
"Bahamas, The",BHS,6.710261,6.60899219,6.50068257,6.38714396,6.27167648,6.15651714,9.06254059,9.21860698,9.13851185,8.53587636,8.63994833,8.51346901,8.98169768,8.74338828,9.20199113,9.66977905,9.67504678,10.25620584,10.64653739,10.22877596
Bosnia and Herzegovina,BIH,8.09432093,1.71962009,2.36078404,2.41133382,0.8325605,0.58332887,1.33548741,1.53887091,1.94252897,4.04878122,6.31021773,12.14192287,8.56092814,4.63831794,2.28211104,7.47949317,0.87619825,1.86186979,2.29026142,8.54137811
Belarus,BLR,0.05268659,0.12333325,0.12615921,0.12339627,0.12972694,0.14552065,0.39084612,0.39270758,0.73037679,0.76611389,1.56115943,0.93377638,2.00033237,1.85993922,1.34401587,1.4176942,1.25154976,1.25687002,0.72583211,0.55733824
Belize,BLZ,8.79445242,10.50493408,10.62954211,13.04618911,12.68717939,12.41079986,13.28387418,20.57612073,13.53525974,13.19835693,6.7760455,10.30103206,6.55456871,5.9295085,27.52879942,8.41022381,4.9130328,4.53959768,7.14230917,8.77256209
Bolivia,BOL,2.74383191,2.93058325,3.08556296,4.21019773,4.33318021,3.99549546,3.26555353,2.95163426,4.68849301,3.63144729,3.6525807,5.64979246,6.06399815,5.72066612,4.8475655,6.11301472,6.80879006,5.01079771,3.81841635,2.77379316
Brazil,BRA,0.9944788,0.76619064,0.7796941,0.49510941,1.56827966,0.25959747,0.51535075,0.49244093,0.37878177,1.07604705,2.20535571,3.49790021,1.19215022,0.66662495,1.40356191,0.62920009,0.59342123,0.62286445,0.7398605,1.24496497
Barbados,BRB,0,0,13.83729564,14.32219873,11.14549467,11.06166144,15.26334208,19.95127557,34.3266982,39.1802558,24.95067669,34.15216999,4.68803423,22.051974,25.84972755,19.22822125,19.40291502,23.14829479,13.83331169,10.16255553
Brunei Darussalam,BRN,0,0,0,0,0,0,0,0,0,0,0,0,0,0,0,0,0,0,0,0
Bhutan,BTN,2.50856203,6.76521451,3.21305572,4.33137277,8.14817345,9.07869506,16.1036107,13.82126665,8.82919081,5.56967577,8.16135429,7.76420906,7.48788686,8.55132209,7.69092425,5.00140837,4.70896946,11.71038084,6.21752487,8.07783608
Botswana,BWA,33.92425444,29.1024684,28.03674627,35.02578698,34.41459192,33.11888717,28.17763417,46.64397585,41.38290558,25.23127253,20.33793294,21.28211617,19.96092714,39.74311837,34.62963569,27.37348767,22.8204754,46.54229395,30.9093058,29.60867028
Canada,CAN,0,0,0,0,0,0,0,0,0,0,0,0,0,0,0,0,0,0,0,0
Chile,CHL,0,0,0,0,0,0,0.11431928,0.0067585,0.08637967,0.09750718,0.08868669,0.02011152,0.01645397,0.03176497,0.02778785,0.01599609,0,0,0,0
China,CHN,0.0107271,0.0966463,0.07149412,0.07104706,0.07809364,0.15098836,0.11772337,0.17543358,0.2053002,0.17165272,0.22703407,0.17847344,0.15853901,0.18078081,0.10846127,0.03354823,0.00638595,0.00193121,0.00324691,0.00358332
Cote d'Ivoire,CIV,3.9516888,3.84455958,4.33675959,4.65573141,5.81927536,4.30091864,4.79131663,5.72144686,9.05755213,7.73822745,7.82512231,9.05676419,11.90949396,6.33752191,10.84871728,8.309106,10.07547237,9.09410651,8.86096665,11.44040769
Cameroon,CMR,0.74669154,0.60031963,1.05366117,0.87847665,1.36182982,1.97604462,1.99611192,2.44703128,3.21770383,2.82335769,3.87196288,6.86225622,4.33622938,4.05446231,6.4437323,4.92582583,4.9916643,4.73572013,4.62770723,7.67036716
"Congo, Dem. Rep.",COD,5.10050406,0.90177841,0.73533345,1.30473987,1.57006685,1.7964361,2.26652187,2.97133221,6.27033311,5.57729342,5.77285734,5.68898864,5.27517176,6.55736246,7.78502998,7.75189449,8.89550602,8.24562935,6.52237975,7.98690996
"Congo, Rep.",COG,2.01430622,1.80583326,1.99959995,2.42551217,5.65253987,6.72097892,6.36015033,7.92673174,7.47405344,9.63093979,6.68536973,13.08586685,19.74750579,14.98245502,13.55970725,11.37745989,2.91151063,3.96755414,2.70827012,4.05435606
Comoros,COM,2.76922287,3.56236932,3.40427231,7.05007062,8.32418854,6.21807715,3.86334664,2.9200653,3.08864107,2.96227998,5.60663974,10.97923902,10.5374298,12.60082558,16.67600534,6.1669596,7.5015235,13.81124109,9.12133405,12.70736306
Cabo Verde,CPV,1.6215838,1.90364249,2.08095973,1.44625779,3.85416254,5.45525463,10.77616651,6.93828902,8.22026486,4.27827446,9.1336702,7.59795358,23.00627873,29.21597691,28.79689467,6.0174378,7.75764152,13.87574256,17.89542143,12.17441201
Costa Rica,CRI,2.76550197,3.23106638,1.07534126,0.969671,0.67573024,0.5517188,0.32352138,0.40443144,0.72257758,1.51774195,1.39164896,0.96912098,0.49785168,0.32208933,0.20037867,0.05628821,0.24926735,0.46114882,0.05650612,0.00960917
Cuba,CUB,0.13332867,0.15192747,0.25021483,0.32468359,0.83087915,0.96556299,0.540431,0.6290635,1.1818391,0.66998693,0.24120562,1.37517677,0.99950206,0.86302762,0.95475425,0.47031826,1.05487895,0.75223712,0.85608282,1.33797321
Cyprus,CYP,4.00359072,3.84925547,5.3404525,6.6433288,7.04465957,7.29028922,8.76819118,10.47435407,9.99117122,11.68324468,18.50273654,20.22560288,17.96288749,21.57973243,20.54037069,18.51398159,3.42947881,7.23829591,7.42985947,13.96911194
Djibouti,DJI,0,0,8.36175363,11.41446368,5.98701737,5.89795975,5.8140142,6.4968837,5.65879255,5.58042065,5.49822847,7.76028924,13.35057176,8.84082198,12.12475824,19.0855017,20.72768289,18.67774527,14.05488918,12.82970493
Dominica,DMA,7.44150818,5.30790522,10.55312179,7.17790706,9.76690826,6.93414004,6.77940081,9.16503865,8.5186162,10.08428998,9.74202244,11.69671787,13.73936802,8.520686,8.50822562,7.58667654,7.66132523,6.47085462,8.68153712,3.16504547
Denmark,DNK,0,0,0,0,0,0,0,0,0,0,0,0,0,0,0,0,0,0,0,0
Dominican Republic,DOM,2.57881767,4.21547213,8.23654291,3.40355882,2.32642003,2.90834506,1.8364255,3.33754796,4.12566231,2.24021374,1.8394625,1.55890802,4.43913561,1.85479595,24.19282138,29.68857311,2.61991826,3.28031554,4.37876799,4.11196862
Algeria,DZA,0.03213789,0.03091648,0.02957976,0.03804438,0.04329705,0.0799416,0.06106533,0.09998197,0.0758373,0.10718935,0.06454366,0.05663793,0.10731125,0.06582255,0.12757195,0.07822612,0.05242863,0.07463007,0.06896561,0.11078552
Ecuador,ECU,1.34057528,1.39376416,1.02712641,0.74796117,1.76517469,1.01259613,1.79375646,0.92533624,1.01241776,1.10568583,4.7607774,0.7140207,0.75242771,0.64098092,0.84200978,1.05792768,0.86088406,0.61740388,0.53663759,0.50506635
Eritrea,ERI,0.0880957,2.00273184,3.39124267,7.28037423,9.4272079,10.80349007,11.75260848,5.90984596,8.39676708,7.77999674,7.35481404,16.15324534,6.83409399,10.54932702,11.06508962,11.05841127,5.14150978,6.66218442,8.51215353,9.90487619
Ethiopia,ETH,0.87535746,0.95886863,0.66791894,0.8292032,1.74334739,1.47972266,2.80262417,3.99589039,6.29022492,5.25294417,5.75389268,5.67083296,5.77462377,4.62722579,5.21941179,4.36736272,5.07385817,8.812762,8.76979162,9.12042166
Finland,FIN,0.10416815,0.17220594,0.19521905,0.10060266,0.05375106,0.04681527,0.0485142,0.04783745,0.00110595,0.20113136,0.29656797,0.28758494,0.13404348,0.06056022,0.10362551,0.04872696,0.0597716,0.11942521,0.17977435,0.28734805
Fiji,FJI,6.04940477,6.14583165,6.43045548,6.45482076,16.03447383,11.24946271,6.35249229,5.3169766,9.21812357,8.78850069,8.52950451,7.27525849,10.92754468,8.36889989,7.68668177,4.56733023,5.72394581,4.52139824,4.71558154,16.9956477
"Micronesia, Fed. Sts.",FSM,121.5992253,139.0485225,129.6738606,159.455543,205.7067044,340.7814673,181.2482236,198.0797365,216.2823968,268.0359311,298.8591025,289.401181,291.4055403,269.4897131,239.7474204,258.8672076,281.2677791,287.7103109,296.5489214,285.6797376
Gabon,GAB,2.71935501,1.67203042,2.24218202,2.86909367,3.02339237,7.88583899,5.19248137,7.4409976,5.93315809,4.51991854,2.4979448,3.00758587,1.14519791,1.01618439,2.4461291,1.61119106,1.49274544,1.22291456,2.67080622,1.2216675
United Kingdom,GBR,0.15957587,0.16372046,0.18797754,0.23433896,0.26210911,0.2827794,0.31353978,0.34236797,0.33708654,0.28775057,0.30923029,0.35820565,0.38337744,0.42370233,0.45361381,0.47020617,0.46032849,0.49902868,0.5928635,0.64216067
Georgia,GEO,3.71205843,3.81694923,5.02644533,4.50794858,4.93876003,5.37227822,8.31168554,12.49865079,27.0407243,13.95021428,9.85515098,10.02522991,11.17558474,10.09709659,8.56122492,7.00826215,6.80811444,6.80923122,1.67421453,1.53773987
Ghana,GHA,1.9913533,2.53250619,2.940346,2.99328042,4.81835161,6.21087321,7.02419168,6.81638929,7.13242774,7.64727562,7.05623698,9.20408363,7.25908088,17.95718764,12.68106547,20.09370445,8.55591037,9.19491776,8.46831573,8.48772954
Guinea,GIN,6.48592056,6.32494141,7.10644723,7.34257297,6.73199205,4.5938605,3.53580288,4.69114092,4.66687443,4.69757929,4.47686118,6.39110191,5.34265287,6.01039225,6.97262709,10.4848773,10.76285149,3.18063755,3.8537389,4.64655588
"Gambia, The",GMB,38.00763729,30.91437119,30.21181076,24.11423347,25.56090902,26.9139322,28.91442132,31.09040492,34.57002438,27.53181728,27.76160742,26.055332,21.9135503,12.61562284,13.69034924,7.33470875,9.26579176,13.75701882,20.10389805,13.4560955
Guinea-Bissau,GNB,2.45534332,2.9999135,5.97109346,5.96323629,7.46524223,8.92162996,8.69153934,11.30640926,13.02602235,9.29449195,16.09799664,24.35973058,10.97707418,11.40522735,24.12390685,12.65756638,15.5306625,11.91425232,15.76805494,15.84675301
Equatorial Guinea,GNQ,1.30801539,5.59482634,4.11567856,3.48567228,4.33565858,5.10416674,10.80123039,13.91654566,10.5941663,18.2404991,13.68539709,14.51651545,9.26142544,4.5611191,1.516894,4.09473523,3.47079339,6.01245337,7.30876451,2.32926454
Grenada,GRD,4.11233914,4.09577013,4.08055436,4.06599847,2.65442092,2.40963577,11.01130556,8.00495903,17.72053421,5.47979882,4.7821097,0.03681113,0.508929,1.03110039,1.41358119,1.34418724,1.21530745,0.9533591,1.26554576,0.49291491
Guatemala,GTM,2.26538145,1.91365296,2.32359634,2.94254182,3.76008476,3.09139197,4.882825,4.73202578,3.86941936,6.25557627,4.63002607,6.16202251,7.97039457,5.1543519,5.96801488,3.85504287,3.98192332,2.81301488,4.36761314,2.35020953
Guyana,GUY,0.09099884,0.3933486,1.23263853,3.69979345,6.88314111,12.96824558,19.61997168,31.64705415,29.80688291,31.84575785,31.08069993,25.06336539,18.46376269,18.95801836,12.4190915,10.68797465,10.39849356,10.61367449,9.52854019,8.77318241
Honduras,HND,1.90555663,1.24446541,3.0281685,7.59878617,8.1430757,8.32516439,5.81805465,7.4503648,10.72508392,13.42118828,12.52300152,11.26363634,13.11687594,9.383871,10.91950333,8.65900215,8.95266364,6.34913294,5.36713964,4.96505581
Croatia,HRV,0,0,0,0,0,0,0,0,0,0,0,0,0,0,0.04096453,0,0.03506108,0.0121257,0.04493804,0.08890495
Haiti,HTI,9.37793581,8.88181356,7.66811363,6.29671124,7.90897879,8.21752239,12.98750821,12.94992417,14.31512334,14.37873189,25.3446664,48.9697709,44.80113521,28.24466349,35.17587536,34.29340196,29.23133913,27.29386113,24.06338802,23.06113128
Indonesia,IDN,0.45952007,0.69558365,0.26564124,0.3260627,0.51088563,0.56553637,0.61580641,0.94607225,0.70753458,1.02434397,0.74548535,1.04343933,1.03459514,1.18961007,2.10878357,0.47751395,0.56774315,0.76476744,0.45219689,0.66809076
India,IND,0.49615425,0.46109628,0.49635458,0.33412267,0.56003073,0.42380516,0.42425417,0.54245312,0.70863594,0.39011872,0.43798835,0.4227499,0.46134394,0.15159399,0.42667859,0.41934901,0.38894691,0.33884421,0.50652031,0.53155603
Iceland,ISL,0,0,0,0,0,0,0,0,0,0,0,0,0,0,0,0,0,0,0,0
Israel,ISR,35.26511574,31.27758777,31.17229779,28.86272801,33.62421943,31.7463352,22.91078824,23.35699076,29.85204145,26.59722871,28.86977076,32.81098343,33.92063144,37.16615046,37.57768406,37.50275117,37.72906335,42.93292896,66.19189417,72.01766516
Jamaica,JAM,0.46202534,0.91820602,1.17883182,1.04989869,3.26487657,2.54818756,2.92173356,4.46924264,4.44551982,5.43536374,5.45197744,6.07187261,8.26460592,2.50415735,3.53698336,3.86907106,4.34850979,4.4600726,4.79519083,5.2136379
Jordan,JOR,4.13012938,4.5958324,3.71341877,6.22935356,26.28657001,5.62644997,10.12240626,7.44082522,4.08346331,12.66801863,13.77118581,11.76336411,18.8026446,18.35172492,17.5289884,2.48862138,12.54503181,31.41546605,15.03055757,10.46947026
Japan,JPN,0,0,0,0,0,0,0,0,0,0,0,0,0,0,0,0,0,0,0,0
Kenya,KEN,2.54963734,2.69969159,3.08567757,3.90292645,5.23683525,5.27489413,11.45730081,14.15066138,15.68859667,15.90502596,16.76783111,14.86375408,15.51517648,15.12988235,14.38061032,12.50442406,11.75178893,13.72974801,16.29281026,15.43945246
Kyrgyz Republic,KGZ,0,0,0,2.23255341,4.28273621,2.32565588,4.66503882,6.39670088,4.43135933,6.64467914,4.77565002,3.58996686,7.15274737,5.6359116,5.93494986,6.01185846,2.75797394,4.34326897,3.2507448,1.44359126
Cambodia,KHM,0.42344073,1.61671386,1.94785076,2.69924625,4.67957078,4.68554761,6.52075159,9.38061001,7.99490976,9.08213399,7.54600337,7.35828949,13.38495289,13.47776013,16.64414161,14.66440353,14.71539109,7.28885636,6.03653853,7.37067341
Kiribati,KIR,0,1.35610782,1.7300544,1.42567685,1.0440889,1.36079072,19.85196568,26.72345562,46.26026212,59.33421591,7.19934516,2.31689488,11.0565479,23.45611269,22.64846284,13.21648786,25.16840629,37.14573718,46.36794353,25.4830848
St. Kitts and Nevis,KNA,0,0,0,0,4.85356187,0.41637962,0.0324257,1.43279124,28.89562104,19.75604436,12.35258691,15.08748986,0,2.13896008,0,0,0,0,0,0
Kuwait,KWT,0,0,0,0,0,0,0,0,0,0,0,0,0,0,0,0,0,0,0,0
Lebanon,LBN,0.45988679,1.08904745,1.19310328,1.80158809,3.16965413,1.64135195,3.56334032,4.95990028,5.2418189,9.23025736,4.45179825,4.50077462,2.78292481,5.96935671,5.15869008,18.48781407,15.54242343,15.17023688,6.65262,5.89413399
Liberia,LBR,1.06752331,1.51138269,1.29519564,1.34597514,2.94124066,5.03951304,5.40932827,8.49647356,7.6393386,16.58036365,16.76555919,17.69648174,23.27170596,26.09712078,23.76954945,24.41741557,21.13309928,17.86026588,15.27637419,12.97613684
St. Lucia,LCA,0,0,0.7068548,1.64964181,1.68428029,7.36161671,12.38716459,5.020188,8.72011438,8.01161219,9.42544202,9.83253938,1.92065328,3.62008896,1.91655134,4.18363327,18.00138414,5.71762461,2.34893119,4.98207895
Sri Lanka,LKA,0.39936382,0.29742365,0.08470414,0.44886956,0.25935353,0.4836475,1.62037087,0.81547074,0.79694537,1.21072603,1.25595585,0.60787671,0.43117784,0.88840857,1.66215562,2.05343741,1.31528133,4.37257172,2.42344933,2.18566235
Lesotho,LSO,0.90361405,1.8810298,2.49859031,2.72685173,4.62194229,7.07427944,6.58973287,7.57662492,14.34700473,20.8652076,19.5607381,31.65485743,33.97621173,40.35916437,33.9914045,25.28841909,21.81957101,31.99092414,47.75307568,52.51535994
Lithuania,LTU,0.08944567,0.15591162,0.32782556,0.49734787,0.23243303,0.36487562,0.3501899,0.63172855,0.91108992,0.91658917,1.34878474,1.59422705,1.24051764,1.38489376,1.35226819,2.6954158,2.29774446,1.63470974,3.90805411,4.93981564
Morocco,MAR,0.16429747,0.25981567,0.14554924,0.19424676,0.24204848,0.28294507,0.3225708,0.8313292,0.50782557,0.15552221,0.7455129,1.18662027,1.00390866,0.57776801,0.53485976,0.31011309,0.24267331,0.35790461,0.3167046,1.25056447
Moldova,MDA,0.82816935,0.53394067,1.37890619,1.66261596,1.46931034,3.47201635,4.16594152,4.97869159,6.07136902,22.53141954,23.72943538,15.76762188,17.95358958,22.98977772,26.31492797,13.57195434,6.32487633,11.46365679,7.51210064,9.69614632
Madagascar,MDG,1.83632739,3.15778124,3.10877908,1.97275404,3.17126535,3.85702701,4.22147459,3.37021574,4.48608078,5.40289425,3.50248864,6.27437596,3.8905434,4.11905132,5.91143333,6.59660572,6.61438947,5.6735118,6.6091518,5.6032976
Maldives,MDV,0,0.24256844,2.2412419,1.91755394,1.38771555,6.32121461,4.97634033,6.11584424,21.56348711,35.27603151,20.06191161,23.36983413,22.52378719,5.75657559,4.16424273,0.24476514,2.20693821,0.70750376,20.4538709,14.09695449
Marshall Islands,MHL,158.553386,143.9509801,143.8438285,145.209144,199.586607,339.1572261,387.5336489,214.5060391,235.6645601,215.8632,239.6164887,191.5763033,195.1700901,193.5580983,204.8984767,255.588224,276.8702693,268.1825549,269.6557256,285.8204487
Mali,MLI,0.85640186,0.95438198,2.38502684,1.77233048,2.7821858,3.60775892,5.44067726,5.6013545,7.2563742,8.63652951,9.08919261,10.94422041,12.17254813,13.43711355,16.85866978,12.76499569,8.90598113,8.72971913,11.68809543,11.46886255
Myanmar,MMR,0.0513776,0.12706064,0.26422834,0.42231733,0.69587513,0.75691495,1.07074064,0.74930993,1.34497913,1.64259224,1.84547651,2.85851826,2.19608166,3.24914227,5.1461172,4.66309443,5.41215908,5.50669193,5.16479892,4.97285737
Mongolia,MNG,0.3015303,0.95970036,1.44183876,1.02845639,2.16308987,1.44950086,2.12722137,1.83967313,5.6996582,4.35052752,4.29707976,8.31859243,9.69300002,9.11254853,10.55529541,7.30188045,9.17334427,4.16784701,8.54925569,8.34375095
Mozambique,MOZ,0.67971434,2.23622974,3.48364334,4.65023049,7.32265515,9.71046766,10.26278713,10.61937501,13.97567433,17.65456546,17.45347779,19.67645388,20.14497678,23.82334037,23.03239565,21.66504457,18.44023731,22.44363826,25.37070516,24.74817333
Mauritania,MRT,0.9945482,0.89456149,1.26502622,2.68662874,2.17500509,1.73878353,0.85303032,1.63380502,2.46978304,2.26774526,2.51135163,2.4834776,2.54515255,4.84418174,5.97468827,4.83613969,1.12066195,4.49743078,5.3258245,6.87329776
Mauritius,MUS,0.3597292,0.6736644,0.42032046,0.18074531,0.05654463,0.07793434,0.17008295,0.39077746,2.9528476,5.41656632,6.91313186,15.5811185,8.61526233,6.41878311,2.55995803,13.7529146,1.25044278,3.0063482,3.27661241,2.00515717
Malawi,MWI,2.62560663,2.21381191,5.18630953,5.73575678,10.7047886,10.95056596,13.34463236,16.61866931,19.05303775,22.5126649,21.75602389,25.82394057,23.50189635,27.5363348,22.72938324,19.09115743,18.6535973,22.97686585,21.50087543,13.24315304
Malaysia,MYS,0,0,0,0,0,0,0,0.00745756,0.00444831,0.00342934,0.00103624,0.00137161,0,0,0,0,0,0,0,0
Namibia,NAM,10.85458305,10.8650119,10.36648324,15.99640902,49.29156473,78.76833322,99.1543784,91.75866817,89.27632438,74.72808214,73.74966928,61.32749954,43.6845605,31.47425033,27.71065773,27.91262521,29.54840167,31.7087317,21.70106362,19.87822174
Niger,NER,0.85562483,0.92209303,1.04290352,1.29295776,1.46980066,1.95775324,2.07131167,2.75863436,3.08539485,2.95202726,2.92524396,2.67605479,2.9994169,2.91908428,3.32255181,6.35700913,3.33194259,4.17968303,3.57430557,4.78775458
Nigeria,NGA,3.00903107,1.24905831,1.32965262,2.25403233,2.7764929,2.97148269,3.59971207,4.13458677,4.92619212,4.28920691,4.80302339,6.63669129,7.79682316,12.76080489,13.25084565,9.69785468,8.18918887,5.84854752,4.91102886,9.11170155
Nicaragua,NIC,1.89409492,6.04968219,4.87290577,8.40566999,12.16280291,13.29780383,8.54182153,10.12530573,13.68936734,10.90357138,16.46239141,15.58138027,13.31546198,13.9569253,15.85866382,10.19035476,8.85336463,10.87701084,9.40117039,4.38989966
Netherlands,NLD,0,0,0,0,0,0,0,0,0,0,0,0,0,0,0,1.05038178,1.17345691,0.79361655,1.37471424,1.36030261
Norway,NOR,0,0,0,0,0,0,0,0,4.19198632,3.77742426,4.0185581,0,0,0,0,0,0,0,0,0
Nepal,NPL,1.84070598,2.82029322,2.31955456,2.57109263,3.37005683,3.43114504,3.67690853,2.48373509,2.83018021,3.32302684,4.15400982,3.72103989,4.62313301,4.2887827,5.92361946,6.88298017,5.6571646,7.75647638,6.9228156,6.34133056
Nauru,NRU,35.33463173,51.64526934,66.69046738,46.07430469,36.39261636,8.52911375,21.00400032,158.202141,335.4723975,242.4228402,212.1922909,242.4394344,429.1220233,322.6806433,130.0611652,365.2902592,59.22350404,278.8119083,117.4363653,95.45581909
Pakistan,PAK,0.12161533,0.2426789,0.70203856,0.92472005,0.46254712,0.88151091,0.81227103,1.06733618,1.29155116,0.77412858,1.2486041,1.11487247,1.19340938,1.62531971,1.92065696,1.35336542,0.7129372,0.73629007,0.25693774,2.80232296
Panama,PAN,0.98781388,1.08635115,1.30137382,1.27812918,0.71390111,0.80197966,0.53883219,0.55094461,0.89814266,0.61501258,3.96728488,1.67376458,0.97377403,1.52202925,4.61068228,0.95096718,0.89645285,0.62716899,1.01744918,1.10479579
Peru,PER,0.19835983,0.49456518,0.57404148,2.28603283,2.12180591,2.61432328,2.46736354,1.59256865,1.4151202,3.93184974,2.8058398,2.67376955,1.99880177,1.54819169,0.93362162,0.73731823,0.65397578,0.81943793,0.72743424,0.72479991
Philippines,PHL,1.15781756,1.06936939,0.77393028,1.08662655,1.33484887,1.96204288,2.10076636,1.27840116,1.1402509,1.84570082,1.64202812,0.94454379,1.15562377,2.13900773,1.63105746,1.68567075,2.7542086,2.71379252,0.40054311,0.58942853
Palau,PLW,173.2530751,172.0547818,195.0054998,212.5296582,290.9347159,326.426571,326.4445241,374.4238438,377.7684453,308.1785617,423.4941242,374.114962,456.4064626,447.6371692,533.9361738,560.5456553,311.8894781,280.5704739,45.54561066,620.7685423
Papua New Guinea,PNG,1.11651103,3.25447173,5.52644345,7.16551515,6.65858553,7.17737772,7.54715067,8.38653545,7.28586094,8.6269519,10.68933072,12.42311131,16.71044887,22.2681882,30.8355347,5.7878698,10.44583538,9.36843254,12.83201584,21.08235421
Portugal,PRT,0.40552716,0.42480699,0.51851292,0.6281461,0.7482616,0.7586878,0.82416656,0.96287285,1.14278421,1.20159973,1.10335553,1.18489796,1.10900563,1.15243092,1.2485792,1.09081744,1.68047894,1.88470516,1.549202,1.55775875
Paraguay,PRY,2.93567355,1.48207958,1.05428063,1.01317136,1.07077842,0.5963754,0.60526566,0.62070343,1.16770555,1.74458063,2.06455486,2.50468057,1.80280077,1.94668945,1.40919326,1.16701257,1.27299128,1.06313702,0.25221959,0.03989004
Rwanda,RWA,4.34118688,3.23444768,2.57022562,7.34982268,9.71011495,12.88308501,15.93098757,19.07778379,21.80601135,23.95165254,25.6101842,26.23008048,31.35653607,21.68041256,24.44994104,21.08848303,22.42717826,19.41185601,20.56516104,17.36750449
Senegal,SEN,0.86713527,0.85799722,1.34860493,1.04645228,0.91530746,2.40941382,2.10167909,2.3785511,3.19103633,3.41338335,6.30946774,4.91479286,5.25248051,5.6724989,11.26515165,9.61012788,9.37777677,8.80835262,13.34975089,10.59873342
Singapore,SGP,0,0,0,0,0,0,0,0,0,0,0,0,0,0,0,0,0,0,0,0
Solomon Islands,SLB,1.23752388,2.64683597,32.66510424,12.85562656,22.80058861,24.55181847,28.45973358,25.34420764,32.63575132,55.23880811,82.58810382,56.59994532,37.94336223,41.94463447,44.52887148,28.05437415,26.93449874,22.86202448,17.8510491,24.41986065
Sierra Leone,SLE,1.35406557,1.37545795,1.83824341,2.41576963,3.90355286,5.53523426,6.76126158,5.81658904,7.17358965,9.31739932,10.61652094,13.77368317,10.53474272,24.74909149,74.70475548,60.66843725,35.70411457,16.22707906,12.7805387,13.83919158
El Salvador,SLV,2.136677,4.03640843,3.19489827,3.00793153,6.05281905,6.3261267,11.51346994,12.5260831,15.8503554,30.33952927,22.32005221,14.60855878,8.41479013,11.56312142,11.78352982,5.76145826,6.59931571,0.39850688,0.58811295,1.92269161
Sao Tome and Principe,STP,15.10454311,13.86820057,15.07524988,17.62451728,18.84088509,22.87093591,38.65457087,33.46335672,43.14713365,38.8369055,35.06129229,38.11147931,40.6880506,62.28849888,57.53657152,43.49073064,48.26594967,44.35455544,39.04815608,36.31058941
Suriname,SUR,24.33406767,0.15983448,9.62937434,10.91130424,15.60808429,10.95554624,26.80636064,6.59376975,11.18835229,12.79503777,26.61741637,16.22976462,7.3519854,3.23087681,3.14204651,1.63641306,4.86005527,1.96519897,6.10017175,3.68247103
Eswatini,SWZ,3.29543725,8.67765106,12.28301156,24.9786042,37.70958106,42.82849719,64.523375,61.84124525,67.55408222,67.74033681,91.49161963,122.0219213,109.6138845,94.47861742,107.6205483,84.77837337,76.2779306,64.91775965,87.99883318,68.96500141
Seychelles,SYC,0,0.877067,2.91010491,4.04930661,11.86827366,3.2937632,3.41471415,2.35200028,1.82888733,1.37695161,10.78735169,36.57857581,10.7171048,18.80683266,3.05588423,2.2538019,30.25835473,4.57464388,3.19395075,0
Chad,TCD,0.35219316,0.4182113,0.54941329,3.06964182,2.94968026,3.2159129,3.85568306,2.19464316,2.21846835,2.91166255,2.15970275,4.79237629,3.95916756,3.30919394,4.59818672,5.97796557,7.81645832,6.21517126,4.57369909,6.09986351
Togo,TGO,0.45226527,0.51332679,0.63961373,0.90978097,1.19710521,1.4403935,1.75760358,2.33059097,3.05222477,3.16392463,1.87700054,3.02644799,3.77849782,6.79655152,6.54249298,5.9299271,8.13603099,8.10081948,5.21964481,4.66297411
Thailand,THA,0.00492051,0.01153456,0.14744595,0.13906272,0.14956581,0.05233504,0.0583804,0.06773595,0.19646502,0.10903851,0.22432622,0.37612231,0.27097966,0.6630567,0.74324593,0.62725143,0.20801808,0.21726376,0.4189938,0.33718147
Tajikistan,TJK,0.00520518,0.33495107,0.29348146,1.05349243,1.28321308,2.3645831,2.26722058,2.81048979,3.38813857,4.65500313,3.83323948,7.19801704,4.9221975,6.08045383,4.7117503,4.80202491,2.91668851,4.45052498,2.59621403,0.81726358
Turkmenistan,TKM,0.0107472,0.08567962,0.21525584,0.49008138,0.33480869,0.36131685,0.44032328,0.48898757,0.67164933,0.58494439,0.48039002,1.25884654,1.38377227,0.60447648,1.23799157,0.98362348,0.79309937,0.45611667,2.07888872,0.50309522
Tonga,TON,0.67180956,7.15723588,7.32397698,8.76628944,34.59518598,27.94131574,54.58707871,24.64542139,81.31596291,5.16301675,44.88164037,20.18847278,78.91126306,28.80310203,68.20078266,48.28147804,57.38780108,67.77978951,52.61523423,68.4817947
Tunisia,TUN,0.11272201,0.1044347,0.1025175,0.10935985,0.10887319,0.10905323,0.56890614,1.13922768,1.85907499,2.39778844,2.92059428,3.7872999,0.27172134,0.29967401,0.17822223,0.08003149,1.6845682,1.0886342,1.08886424,0.83759859
Tuvalu,TUV,0.06769478,12.27546399,12.22263466,21.78286032,7.79238021,5.74732384,45.85988901,14.60789938,5.64872468,46.62492789,59.55899644,60.81874863,44.20203812,138.6903658,73.79381571,106.5314476,106.160303,164.3474902,112.3538222,226.455024
Tanzania,TZA,4.74547428,4.9045455,4.77255577,5.62921685,6.46220366,8.06747504,15.2435908,15.65322567,9.50709048,11.91957277,14.79494983,17.08575904,20.43693319,21.22672908,17.49424649,12.71065732,13.54195819,15.60185232,17.11300857,14.58195579
Uganda,UGA,5.24527785,4.76023286,3.85491269,2.73337387,5.81320988,8.51338912,9.49512195,10.52181345,11.77287372,18.55633043,23.6518187,27.60685191,25.16338422,19.60527239,18.07557388,16.89976907,15.77996221,13.2366662,13.94781313,13.61797324
Ukraine,UKR,0.04881426,0.0514143,0.05506191,0.03546896,0.35833833,0.28297827,0.7280376,1.22270037,1.45095159,1.36087298,1.48782444,1.04290439,1.56172236,1.89195912,1.92904662,2.718116,1.89675639,3.11705273,2.25599447,1.68633177
United States,USA,0,0,0,0,0,0,0,0,0,0,0,0,0,0,0,0,0,0,0,0
Uzbekistan,UZB,0,0.00032786,4.55E-05,0.98624431,0.7626196,1.28960329,0.79323421,0.86221593,0.92662228,1.08508623,1.38550553,1.88336404,1.61239504,2.21089417,2.25914891,1.81462896,1.24557233,0.98093912,0.66679204,0.05230692
St. Vincent and the Grenadines,VCT,0,0,0,0,0,0.41773334,4.1978335,11.53929155,6.60289622,5.60342423,14.86151162,20.36696306,8.42448915,4.38491234,5.3442579,4.67811046,1.4765282,3.95520045,1.31014959,5.50068157
"Venezuela, RB",VEN,0.18236125,0.28037364,0.37290368,0.19575534,0.04589138,0.04309985,0.15131654,0.10599888,0.06149917,0.0576745,0.119621,0.12083123,0.07585249,0.0583014,0.03371276,0.03474817,0.02901213,0.01881754,0.07588743,0.13193083
Vietnam,VNM,0.80340642,0.90945037,0.92203293,1.09292419,1.58130656,1.40468477,1.69540496,1.78111402,1.30429115,1.58216323,1.76491001,2.11316423,2.63768493,2.67267802,3.74710137,2.54697145,2.85079388,1.52071842,1.65872883,1.75388049
Vanuatu,VUT,7.25800121,6.84652968,12.6583488,8.7765788,13.58587911,13.62505021,15.59577172,11.37715973,12.59524224,21.890561,32.9135318,26.01831206,36.10193402,50.55887485,76.62199873,47.7404051,32.57068439,27.37797652,24.63639118,32.60226362
World,WLD,0.654171534,0.635272445,0.704313931,0.867050776,1.309503711,1.505275212,1.567531641,1.799935995,2.038004863,2.207407162,2.509022056,2.82066875,2.764269121,2.950123021,2.945187094,2.491555429,2.310076732,2.360445325,2.338978878,2.459458776
Samoa,WSM,2.75567204,1.94178582,7.39891847,14.6673655,21.13360205,22.06845324,21.95631094,25.96892266,13.47980753,15.96829451,21.42922345,41.32961151,13.84907131,60.27934475,45.90330433,18.97700617,24.67558122,30.59850393,34.56422053,44.96449312
South Africa,ZAF,1.5968483,1.35399596,1.19936038,16.46978894,20.45592922,48.79323595,27.70400226,34.17315183,36.60986916,40.4445244,48.53595007,49.67175137,43.65834743,40.76484054,9.51939953,8.43069681,9.50689218,5.79389355,6.38798664,6.03279535
Zambia,ZMB,0.74068636,1.76125587,3.52258191,6.11847901,10.27191055,17.01271399,19.07459921,17.48085338,23.46991192,29.36909563,25.27029683,21.32355982,30.745818,48.24581589,21.96906314,21.5752822,24.37640414,27.27150391,33.86269868,30.2977877
